timeStamp,elapsed,label,responseCode,responseMessage,threadName,dataType,success,failureMessage,bytes,sentBytes,grpThreads,allThreads,URL,Latency,IdleTime,Connect
1745250065962,10,Get characters,200,OK,Thread Group 1-2,text,true,,928,158,2,2,http://localhost:3001/characters,10,0,2
1745250065953,19,Get characters,200,OK,Thread Group 1-1,text,true,,928,158,2,2,http://localhost:3001/characters,19,0,11
1745250065972,2,Create,201,Created,Thread Group 1-1,text,true,,280,224,2,2,http://localhost:3001/character,2,0,0
1745250065972,2,Create,201,Created,Thread Group 1-2,text,true,,280,224,2,2,http://localhost:3001/character,2,0,0
1745250065975,2,get by ID,200,OK,Thread Group 1-1,text,true,,275,160,3,3,http://localhost:3001/character/19,2,0,0
1745250065975,3,get by ID,200,OK,Thread Group 1-2,text,true,,275,160,3,3,http://localhost:3001/character/20,3,0,0
1745250065977,6,Update,200,OK,Thread Group 1-1,text,true,,275,226,4,4,http://localhost:3001/character/19,6,0,0
1745250065978,6,Update,200,OK,Thread Group 1-2,text,true,,275,226,4,4,http://localhost:3001/character/20,6,0,0
1745250065977,9,Get characters,200,OK,Thread Group 1-3,text,true,,1010,158,4,4,http://localhost:3001/characters,9,0,1
1745250065984,2,Delete,200,OK,Thread Group 1-1,text,true,,293,182,4,4,http://localhost:3001/character/19,2,0,0
1745250065984,3,Delete,200,OK,Thread Group 1-2,text,true,,293,182,3,3,http://localhost:3001/character/20,3,0,0
1745250065981,8,Get characters,200,OK,Thread Group 1-4,text,true,,928,158,3,3,http://localhost:3001/characters,8,0,1
1745250065986,6,Create,201,Created,Thread Group 1-3,text,true,,280,224,3,3,http://localhost:3001/character,6,0,0
1745250065989,3,Create,201,Created,Thread Group 1-4,text,true,,280,224,3,3,http://localhost:3001/character,3,0,0
1745250065992,2,get by ID,200,OK,Thread Group 1-4,text,true,,275,160,3,3,http://localhost:3001/character/19,2,0,0
1745250065989,6,Get characters,200,OK,Thread Group 1-5,text,true,,1010,158,3,3,http://localhost:3001/characters,6,0,0
1745250065992,3,get by ID,200,OK,Thread Group 1-3,text,true,,275,160,3,3,http://localhost:3001/character/20,3,0,0
1745250065995,2,Update,200,OK,Thread Group 1-4,text,true,,275,226,3,3,http://localhost:3001/character/19,2,0,0
1745250065995,5,Create,201,Created,Thread Group 1-5,text,true,,280,224,4,4,http://localhost:3001/character,5,0,0
1745250065995,6,Update,200,OK,Thread Group 1-3,text,true,,275,226,4,4,http://localhost:3001/character/20,6,0,0
1745250065997,4,Delete,200,OK,Thread Group 1-4,text,true,,293,182,4,4,http://localhost:3001/character/19,4,0,0
1745250066001,4,Delete,200,OK,Thread Group 1-3,text,true,,293,182,3,3,http://localhost:3001/character/20,4,0,0
1745250066001,4,get by ID,200,OK,Thread Group 1-5,text,true,,275,160,3,3,http://localhost:3001/character/21,4,0,0
1745250065999,8,Get characters,200,OK,Thread Group 1-6,text,true,,969,158,2,2,http://localhost:3001/characters,8,0,1
1745250066007,5,Create,201,Created,Thread Group 1-6,text,true,,280,224,3,3,http://localhost:3001/character,5,0,0
1745250066005,9,Update,200,OK,Thread Group 1-5,text,true,,275,226,3,3,http://localhost:3001/character/21,9,0,0
1745250066010,5,Get characters,200,OK,Thread Group 1-7,text,true,,1010,158,3,3,http://localhost:3001/characters,5,0,0
1745250066013,3,get by ID,200,OK,Thread Group 1-6,text,true,,275,160,3,3,http://localhost:3001/character/20,3,0,0
1745250066014,3,Delete,200,OK,Thread Group 1-5,text,true,,293,182,3,3,http://localhost:3001/character/21,3,0,0
1745250066015,6,Create,201,Created,Thread Group 1-7,text,true,,280,224,3,3,http://localhost:3001/character,6,0,0
1745250066016,6,Update,200,OK,Thread Group 1-6,text,true,,275,226,3,3,http://localhost:3001/character/20,6,0,0
1745250066022,2,get by ID,200,OK,Thread Group 1-7,text,true,,275,160,3,3,http://localhost:3001/character/20,2,0,0
1745250066022,2,Delete,200,OK,Thread Group 1-6,text,true,,293,182,3,3,http://localhost:3001/character/20,2,0,0
1745250066020,5,Get characters,200,OK,Thread Group 1-8,text,true,,969,158,3,3,http://localhost:3001/characters,5,0,0
1745250066025,10,Create,201,Created,Thread Group 1-8,text,true,,280,224,3,3,http://localhost:3001/character,10,0,0
1745250066024,13,Update,200,OK,Thread Group 1-7,text,true,,275,226,3,3,http://localhost:3001/character/20,13,0,0
1745250066037,4,Delete,200,OK,Thread Group 1-7,text,true,,293,182,4,4,http://localhost:3001/character/20,4,0,0
1745250066027,14,Get characters,200,OK,Thread Group 1-9,text,true,,1010,158,4,4,http://localhost:3001/characters,14,0,1
1745250066036,6,get by ID,200,OK,Thread Group 1-8,text,true,,275,160,3,3,http://localhost:3001/character/20,6,0,0
1745250066042,3,Update,200,OK,Thread Group 1-8,text,true,,275,226,3,3,http://localhost:3001/character/20,3,0,0
1745250066041,4,Create,201,Created,Thread Group 1-9,text,true,,280,224,3,3,http://localhost:3001/character,4,0,0
1745250066040,7,Get characters,200,OK,Thread Group 1-10,text,true,,1010,158,3,3,http://localhost:3001/characters,7,0,1
1745250066046,2,get by ID,200,OK,Thread Group 1-9,text,true,,275,160,3,3,http://localhost:3001/character/20,2,0,0
1745250066045,3,Delete,200,OK,Thread Group 1-8,text,true,,293,182,3,3,http://localhost:3001/character/20,3,0,0
1745250066048,6,Update,200,OK,Thread Group 1-9,text,true,,275,226,3,3,http://localhost:3001/character/20,6,0,0
1745250066048,9,Create,201,Created,Thread Group 1-10,text,true,,280,224,3,3,http://localhost:3001/character,9,0,0
1745250066054,7,Delete,200,OK,Thread Group 1-9,text,true,,293,182,4,4,http://localhost:3001/character/20,7,0,0
1745250066050,15,Get characters,200,OK,Thread Group 1-11,text,true,,969,158,3,3,http://localhost:3001/characters,15,0,1
1745250066057,9,get by ID,200,OK,Thread Group 1-10,text,true,,275,160,3,3,http://localhost:3001/character/20,9,0,0
1745250066060,8,Get characters,200,OK,Thread Group 1-12,text,true,,969,158,3,3,http://localhost:3001/characters,8,0,1
1745250066065,3,Create,201,Created,Thread Group 1-11,text,true,,280,224,3,3,http://localhost:3001/character,3,0,0
1745250066066,3,Update,200,OK,Thread Group 1-10,text,true,,275,226,3,3,http://localhost:3001/character/20,3,0,0
1745250066068,2,get by ID,200,OK,Thread Group 1-11,text,true,,275,160,3,3,http://localhost:3001/character/20,2,0,0
1745250066068,2,Create,201,Created,Thread Group 1-12,text,true,,280,224,3,3,http://localhost:3001/character,2,0,0
1745250066069,2,Delete,200,OK,Thread Group 1-10,text,true,,293,182,3,3,http://localhost:3001/character/20,2,0,0
1745250066070,2,Update,200,OK,Thread Group 1-11,text,true,,275,226,3,3,http://localhost:3001/character/20,2,0,0
1745250066071,2,get by ID,200,OK,Thread Group 1-12,text,true,,275,160,2,2,http://localhost:3001/character/21,2,0,0
1745250066073,1,Update,200,OK,Thread Group 1-12,text,true,,275,226,2,2,http://localhost:3001/character/21,1,0,0
1745250066072,2,Delete,200,OK,Thread Group 1-11,text,true,,293,182,2,2,http://localhost:3001/character/20,2,0,0
1745250066075,1,Delete,200,OK,Thread Group 1-12,text,true,,293,182,1,1,http://localhost:3001/character/21,1,0,0
1745250066077,4,Get characters,200,OK,Thread Group 1-13,text,true,,928,158,1,1,http://localhost:3001/characters,4,0,2
1745250066081,1,Create,201,Created,Thread Group 1-13,text,true,,280,224,1,1,http://localhost:3001/character,1,0,0
1745250066083,1,get by ID,200,OK,Thread Group 1-13,text,true,,275,160,1,1,http://localhost:3001/character/19,1,0,0
1745250066084,1,Update,200,OK,Thread Group 1-13,text,true,,275,226,1,1,http://localhost:3001/character/19,1,0,0
1745250066085,2,Delete,200,OK,Thread Group 1-13,text,true,,293,182,1,1,http://localhost:3001/character/19,2,0,0
1745250066089,2,Get characters,200,OK,Thread Group 1-14,text,true,,928,158,1,1,http://localhost:3001/characters,2,0,0
1745250066092,2,Create,201,Created,Thread Group 1-14,text,true,,280,224,1,1,http://localhost:3001/character,2,0,0
1745250066095,7,get by ID,200,OK,Thread Group 1-14,text,true,,275,160,3,3,http://localhost:3001/character/19,7,0,0
1745250066097,6,Get characters,200,OK,Thread Group 1-16,text,true,,969,158,3,3,http://localhost:3001/characters,6,0,1
1745250066102,2,Update,200,OK,Thread Group 1-14,text,true,,275,226,3,3,http://localhost:3001/character/19,2,0,0
1745250066100,5,Get characters,200,OK,Thread Group 1-15,text,true,,969,158,3,3,http://localhost:3001/characters,5,0,1
1745250066103,2,Create,201,Created,Thread Group 1-16,text,true,,280,224,3,3,http://localhost:3001/character,2,0,0
1745250066104,2,Delete,200,OK,Thread Group 1-14,text,true,,293,182,3,3,http://localhost:3001/character/19,2,0,0
1745250066105,1,Create,201,Created,Thread Group 1-15,text,true,,280,224,2,2,http://localhost:3001/character,1,0,0
1745250066105,3,get by ID,200,OK,Thread Group 1-16,text,true,,275,160,3,3,http://localhost:3001/character/20,3,0,0
1745250066107,2,get by ID,200,OK,Thread Group 1-15,text,true,,275,160,3,3,http://localhost:3001/character/20,2,0,0
1745250066108,3,Update,200,OK,Thread Group 1-16,text,true,,275,226,3,3,http://localhost:3001/character/20,2,0,0
1745250066110,1,Update,200,OK,Thread Group 1-15,text,true,,275,226,3,3,http://localhost:3001/character/20,1,0,0
1745250066108,4,Get characters,200,OK,Thread Group 1-17,text,true,,1010,158,3,3,http://localhost:3001/characters,4,0,1
1745250066111,1,Delete,200,OK,Thread Group 1-16,text,true,,293,182,3,3,http://localhost:3001/character/20,1,0,0
1745250066111,3,Delete,200,OK,Thread Group 1-15,text,true,,293,182,2,2,http://localhost:3001/character/20,3,0,0
1745250066112,2,Create,201,Created,Thread Group 1-17,text,true,,280,224,2,2,http://localhost:3001/character,2,0,0
1745250066115,1,get by ID,200,OK,Thread Group 1-17,text,true,,275,160,1,1,http://localhost:3001/character/20,1,0,0
1745250066117,2,Update,200,OK,Thread Group 1-17,text,true,,275,226,2,2,http://localhost:3001/character/20,2,0,0
1745250066118,2,Get characters,200,OK,Thread Group 1-18,text,true,,969,158,2,2,http://localhost:3001/characters,2,0,0
1745250066119,2,Delete,200,OK,Thread Group 1-17,text,true,,293,182,2,2,http://localhost:3001/character/20,2,0,0
1745250066120,2,Create,201,Created,Thread Group 1-18,text,true,,280,224,1,1,http://localhost:3001/character,2,0,0
1745250066122,1,get by ID,200,OK,Thread Group 1-18,text,true,,275,160,1,1,http://localhost:3001/character/19,1,0,0
1745250066124,1,Update,200,OK,Thread Group 1-18,text,true,,275,226,1,1,http://localhost:3001/character/19,1,0,0
1745250066125,1,Delete,200,OK,Thread Group 1-18,text,true,,293,182,1,1,http://localhost:3001/character/19,1,0,0
1745250066140,2,Get characters,200,OK,Thread Group 1-19,text,true,,928,158,1,1,http://localhost:3001/characters,2,0,0
1745250066142,1,Create,201,Created,Thread Group 1-19,text,true,,280,224,1,1,http://localhost:3001/character,1,0,0
1745250066143,2,get by ID,200,OK,Thread Group 1-19,text,true,,275,160,1,1,http://localhost:3001/character/19,2,0,0
1745250066145,1,Update,200,OK,Thread Group 1-19,text,true,,275,226,1,1,http://localhost:3001/character/19,1,0,0
1745250066146,2,Delete,200,OK,Thread Group 1-19,text,true,,293,182,1,1,http://localhost:3001/character/19,2,0,0
1745250066151,2,Get characters,200,OK,Thread Group 1-20,text,true,,928,158,1,1,http://localhost:3001/characters,2,0,1
1745250066154,1,Create,201,Created,Thread Group 1-20,text,true,,280,224,1,1,http://localhost:3001/character,1,0,0
1745250066155,1,get by ID,200,OK,Thread Group 1-20,text,true,,275,160,1,1,http://localhost:3001/character/19,1,0,0
1745250066157,1,Update,200,OK,Thread Group 1-20,text,true,,275,226,1,1,http://localhost:3001/character/19,1,0,0
1745250066158,1,Delete,200,OK,Thread Group 1-20,text,true,,293,182,1,1,http://localhost:3001/character/19,1,0,0
1745250066162,2,Get characters,200,OK,Thread Group 1-21,text,true,,928,158,1,1,http://localhost:3001/characters,2,0,0
1745250066164,1,Create,201,Created,Thread Group 1-21,text,true,,280,224,1,1,http://localhost:3001/character,1,0,0
1745250066166,1,get by ID,200,OK,Thread Group 1-21,text,true,,275,160,1,1,http://localhost:3001/character/19,1,0,0
1745250066167,1,Update,200,OK,Thread Group 1-21,text,true,,275,226,1,1,http://localhost:3001/character/19,1,0,0
1745250066168,1,Delete,200,OK,Thread Group 1-21,text,true,,293,182,1,1,http://localhost:3001/character/19,1,0,0
1745250066171,3,Get characters,200,OK,Thread Group 1-22,text,true,,928,158,1,1,http://localhost:3001/characters,3,0,1
1745250066174,1,Create,201,Created,Thread Group 1-22,text,true,,280,224,1,1,http://localhost:3001/character,1,0,0
1745250066176,1,get by ID,200,OK,Thread Group 1-22,text,true,,275,160,1,1,http://localhost:3001/character/19,1,0,0
1745250066178,1,Update,200,OK,Thread Group 1-22,text,true,,275,226,1,1,http://localhost:3001/character/19,1,0,0
1745250066179,2,Delete,200,OK,Thread Group 1-22,text,true,,293,182,1,1,http://localhost:3001/character/19,2,0,0
1745250066182,3,Get characters,200,OK,Thread Group 1-23,text,true,,928,158,1,1,http://localhost:3001/characters,3,0,1
1745250066185,1,Create,201,Created,Thread Group 1-23,text,true,,280,224,1,1,http://localhost:3001/character,1,0,0
1745250066187,1,get by ID,200,OK,Thread Group 1-23,text,true,,275,160,1,1,http://localhost:3001/character/19,1,0,0
1745250066188,1,Update,200,OK,Thread Group 1-23,text,true,,275,226,1,1,http://localhost:3001/character/19,1,0,0
1745250066189,2,Delete,200,OK,Thread Group 1-23,text,true,,293,182,1,1,http://localhost:3001/character/19,1,0,0
1745250066192,3,Get characters,200,OK,Thread Group 1-24,text,true,,928,158,1,1,http://localhost:3001/characters,3,0,1
1745250066195,2,Create,201,Created,Thread Group 1-24,text,true,,280,224,1,1,http://localhost:3001/character,2,0,0
1745250066197,1,get by ID,200,OK,Thread Group 1-24,text,true,,275,160,1,1,http://localhost:3001/character/19,1,0,0
1745250066198,1,Update,200,OK,Thread Group 1-24,text,true,,275,226,1,1,http://localhost:3001/character/19,1,0,0
1745250066200,2,Delete,200,OK,Thread Group 1-24,text,true,,293,182,2,2,http://localhost:3001/character/19,2,0,0
1745250066201,3,Get characters,200,OK,Thread Group 1-25,text,true,,928,158,1,1,http://localhost:3001/characters,3,0,1
1745250066204,2,Create,201,Created,Thread Group 1-25,text,true,,280,224,1,1,http://localhost:3001/character,2,0,0
1745250066206,1,get by ID,200,OK,Thread Group 1-25,text,true,,275,160,1,1,http://localhost:3001/character/19,1,0,0
1745250066207,2,Update,200,OK,Thread Group 1-25,text,true,,275,226,1,1,http://localhost:3001/character/19,2,0,0
1745250066209,4,Delete,200,OK,Thread Group 1-25,text,true,,293,182,2,2,http://localhost:3001/character/19,4,0,0
1745250066212,4,Get characters,200,OK,Thread Group 1-26,text,true,,928,158,1,1,http://localhost:3001/characters,4,0,0
1745250066216,1,Create,201,Created,Thread Group 1-26,text,true,,280,224,1,1,http://localhost:3001/character,1,0,0
1745250066218,1,get by ID,200,OK,Thread Group 1-26,text,true,,275,160,1,1,http://localhost:3001/character/19,1,0,0
1745250066219,2,Update,200,OK,Thread Group 1-26,text,true,,275,226,1,1,http://localhost:3001/character/19,2,0,0
1745250066221,1,Delete,200,OK,Thread Group 1-26,text,true,,293,182,2,2,http://localhost:3001/character/19,1,0,0
1745250066222,3,Get characters,200,OK,Thread Group 1-27,text,true,,928,158,1,1,http://localhost:3001/characters,3,0,1
1745250066225,2,Create,201,Created,Thread Group 1-27,text,true,,280,224,1,1,http://localhost:3001/character,2,0,0
1745250066227,1,get by ID,200,OK,Thread Group 1-27,text,true,,275,160,1,1,http://localhost:3001/character/19,1,0,0
1745250066228,2,Update,200,OK,Thread Group 1-27,text,true,,275,226,1,1,http://localhost:3001/character/19,2,0,0
1745250066230,1,Delete,200,OK,Thread Group 1-27,text,true,,293,182,2,2,http://localhost:3001/character/19,1,0,0
1745250066231,4,Get characters,200,OK,Thread Group 1-28,text,true,,928,158,1,1,http://localhost:3001/characters,4,0,2
1745250066235,2,Create,201,Created,Thread Group 1-28,text,true,,280,224,1,1,http://localhost:3001/character,2,0,0
1745250066237,1,get by ID,200,OK,Thread Group 1-28,text,true,,275,160,1,1,http://localhost:3001/character/19,1,0,0
1745250066239,1,Update,200,OK,Thread Group 1-28,text,true,,275,226,1,1,http://localhost:3001/character/19,1,0,0
1745250066240,2,Delete,200,OK,Thread Group 1-28,text,true,,293,182,2,2,http://localhost:3001/character/19,2,0,0
1745250066242,4,Get characters,200,OK,Thread Group 1-29,text,true,,928,158,1,1,http://localhost:3001/characters,4,0,1
1745250066246,2,Create,201,Created,Thread Group 1-29,text,true,,280,224,1,1,http://localhost:3001/character,2,0,0
1745250066248,1,get by ID,200,OK,Thread Group 1-29,text,true,,275,160,1,1,http://localhost:3001/character/19,1,0,0
1745250066249,2,Update,200,OK,Thread Group 1-29,text,true,,275,226,2,2,http://localhost:3001/character/19,2,0,0
1745250066251,2,Delete,200,OK,Thread Group 1-29,text,true,,293,182,2,2,http://localhost:3001/character/19,2,0,0
1745250066251,3,Get characters,200,OK,Thread Group 1-30,text,true,,928,158,1,1,http://localhost:3001/characters,3,0,0
1745250066254,2,Create,201,Created,Thread Group 1-30,text,true,,280,224,1,1,http://localhost:3001/character,2,0,0
1745250066256,1,get by ID,200,OK,Thread Group 1-30,text,true,,275,160,1,1,http://localhost:3001/character/19,1,0,0
1745250066257,1,Update,200,OK,Thread Group 1-30,text,true,,275,226,1,1,http://localhost:3001/character/19,1,0,0
1745250066258,2,Delete,200,OK,Thread Group 1-30,text,true,,293,182,1,1,http://localhost:3001/character/19,2,0,0
1745250066261,3,Get characters,200,OK,Thread Group 1-31,text,true,,928,158,1,1,http://localhost:3001/characters,3,0,1
1745250066264,2,Create,201,Created,Thread Group 1-31,text,true,,280,224,1,1,http://localhost:3001/character,1,0,0
1745250066266,2,get by ID,200,OK,Thread Group 1-31,text,true,,275,160,2,2,http://localhost:3001/character/19,2,0,0
1745250066268,1,Update,200,OK,Thread Group 1-31,text,true,,275,226,2,2,http://localhost:3001/character/19,1,0,0
1745250066266,3,Get characters,200,OK,Thread Group 1-33,text,true,,969,158,2,2,http://localhost:3001/characters,3,0,1
1745250066269,2,Create,201,Created,Thread Group 1-33,text,true,,280,224,3,3,http://localhost:3001/character,2,0,0
1745250066269,3,Delete,200,OK,Thread Group 1-31,text,true,,293,182,3,3,http://localhost:3001/character/19,3,0,0
1745250066271,1,get by ID,200,OK,Thread Group 1-33,text,true,,275,160,3,3,http://localhost:3001/character/20,1,0,0
1745250066270,3,Get characters,200,OK,Thread Group 1-32,text,true,,969,158,2,2,http://localhost:3001/characters,3,0,1
1745250066273,1,Update,200,OK,Thread Group 1-33,text,true,,275,226,2,2,http://localhost:3001/character/20,1,0,0
1745250066274,1,Create,201,Created,Thread Group 1-32,text,true,,280,224,2,2,http://localhost:3001/character,1,0,0
1745250066274,2,Delete,200,OK,Thread Group 1-33,text,true,,293,182,2,2,http://localhost:3001/character/20,2,0,0
1745250066276,1,get by ID,200,OK,Thread Group 1-32,text,true,,275,160,1,1,http://localhost:3001/character/20,1,0,0
1745250066277,2,Update,200,OK,Thread Group 1-32,text,true,,275,226,1,1,http://localhost:3001/character/20,2,0,0
1745250066279,3,Delete,200,OK,Thread Group 1-32,text,true,,293,182,1,1,http://localhost:3001/character/20,3,0,0
1745250066287,3,Get characters,200,OK,Thread Group 1-35,text,true,,928,158,1,1,http://localhost:3001/characters,3,0,1
1745250066290,2,Create,201,Created,Thread Group 1-35,text,true,,280,224,2,2,http://localhost:3001/character,1,0,0
1745250066292,1,get by ID,200,OK,Thread Group 1-35,text,true,,275,160,2,2,http://localhost:3001/character/19,1,0,0
1745250066291,3,Get characters,200,OK,Thread Group 1-34,text,true,,969,158,2,2,http://localhost:3001/characters,3,0,1
1745250066293,2,Update,200,OK,Thread Group 1-35,text,true,,275,226,2,2,http://localhost:3001/character/19,2,0,0
1745250066294,1,Create,201,Created,Thread Group 1-34,text,true,,280,224,2,2,http://localhost:3001/character,1,0,0
1745250066295,2,Delete,200,OK,Thread Group 1-35,text,true,,293,182,2,2,http://localhost:3001/character/19,2,0,0
1745250066295,2,get by ID,200,OK,Thread Group 1-34,text,true,,275,160,1,1,http://localhost:3001/character/20,2,0,0
1745250066297,2,Update,200,OK,Thread Group 1-34,text,true,,275,226,1,1,http://localhost:3001/character/20,2,0,0
1745250066299,2,Delete,200,OK,Thread Group 1-34,text,true,,293,182,1,1,http://localhost:3001/character/20,2,0,0
1745250066309,3,Get characters,200,OK,Thread Group 1-36,text,true,,928,158,1,1,http://localhost:3001/characters,3,0,1
1745250066312,1,Create,201,Created,Thread Group 1-36,text,true,,280,224,1,1,http://localhost:3001/character,1,0,0
1745250066314,1,get by ID,200,OK,Thread Group 1-36,text,true,,275,160,1,1,http://localhost:3001/character/19,1,0,0
1745250066315,1,Update,200,OK,Thread Group 1-36,text,true,,275,226,1,1,http://localhost:3001/character/19,1,0,0
1745250066317,1,Delete,200,OK,Thread Group 1-36,text,true,,293,182,1,1,http://localhost:3001/character/19,1,0,0
1745250066320,2,Get characters,200,OK,Thread Group 1-37,text,true,,928,158,1,1,http://localhost:3001/characters,2,0,1
1745250066323,1,Create,201,Created,Thread Group 1-37,text,true,,280,224,1,1,http://localhost:3001/character,1,0,0
1745250066324,1,get by ID,200,OK,Thread Group 1-37,text,true,,275,160,1,1,http://localhost:3001/character/19,1,0,0
1745250066326,1,Update,200,OK,Thread Group 1-37,text,true,,275,226,1,1,http://localhost:3001/character/19,1,0,0
1745250066327,1,Delete,200,OK,Thread Group 1-37,text,true,,293,182,1,1,http://localhost:3001/character/19,1,0,0
1745250066330,2,Get characters,200,OK,Thread Group 1-38,text,true,,928,158,1,1,http://localhost:3001/characters,2,0,0
1745250066332,2,Create,201,Created,Thread Group 1-38,text,true,,280,224,1,1,http://localhost:3001/character,2,0,0
1745250066334,1,get by ID,200,OK,Thread Group 1-38,text,true,,275,160,1,1,http://localhost:3001/character/19,1,0,0
1745250066336,1,Update,200,OK,Thread Group 1-38,text,true,,275,226,1,1,http://localhost:3001/character/19,1,0,0
1745250066337,1,Delete,200,OK,Thread Group 1-38,text,true,,293,182,2,2,http://localhost:3001/character/19,1,0,0
1745250066339,4,Get characters,200,OK,Thread Group 1-40,text,true,,928,158,2,2,http://localhost:3001/characters,4,0,1
1745250066340,3,Get characters,200,OK,Thread Group 1-39,text,true,,928,158,2,2,http://localhost:3001/characters,3,0,0
1745250066343,2,Create,201,Created,Thread Group 1-40,text,true,,280,224,2,2,http://localhost:3001/character,2,0,0
1745250066344,1,Create,201,Created,Thread Group 1-39,text,true,,280,224,2,2,http://localhost:3001/character,1,0,0
1745250066345,1,get by ID,200,OK,Thread Group 1-40,text,true,,275,160,2,2,http://localhost:3001/character/19,1,0,0
1745250066345,2,get by ID,200,OK,Thread Group 1-39,text,true,,275,160,2,2,http://localhost:3001/character/20,2,0,0
1745250066347,2,Update,200,OK,Thread Group 1-40,text,true,,275,226,2,2,http://localhost:3001/character/19,2,0,0
1745250066347,2,Update,200,OK,Thread Group 1-39,text,true,,275,226,2,2,http://localhost:3001/character/20,2,0,0
1745250066349,1,Delete,200,OK,Thread Group 1-40,text,true,,293,182,2,2,http://localhost:3001/character/19,1,0,0
1745250066349,2,Delete,200,OK,Thread Group 1-39,text,true,,293,182,2,2,http://localhost:3001/character/20,2,0,0
1745250066359,6,Get characters,200,OK,Thread Group 1-41,text,true,,928,158,1,1,http://localhost:3001/characters,6,0,0
1745250066365,2,Create,201,Created,Thread Group 1-41,text,true,,280,224,2,2,http://localhost:3001/character,2,0,0
1745250066367,2,get by ID,200,OK,Thread Group 1-41,text,true,,275,160,3,3,http://localhost:3001/character/19,2,0,0
1745250066367,3,Get characters,200,OK,Thread Group 1-43,text,true,,969,158,3,3,http://localhost:3001/characters,3,0,1
1745250066370,2,Update,200,OK,Thread Group 1-41,text,true,,275,226,3,3,http://localhost:3001/character/19,1,0,0
1745250066371,1,Create,201,Created,Thread Group 1-43,text,true,,280,224,3,3,http://localhost:3001/character,1,0,0
1745250066370,3,Get characters,200,OK,Thread Group 1-42,text,true,,1010,158,3,3,http://localhost:3001/characters,3,0,1
1745250066372,1,Delete,200,OK,Thread Group 1-41,text,true,,293,182,3,3,http://localhost:3001/character/19,1,0,0
1745250066373,2,get by ID,200,OK,Thread Group 1-43,text,true,,275,160,2,2,http://localhost:3001/character/20,2,0,0
1745250066373,3,Create,201,Created,Thread Group 1-42,text,true,,280,224,3,3,http://localhost:3001/character,3,0,0
1745250066375,2,Update,200,OK,Thread Group 1-43,text,true,,275,226,3,3,http://localhost:3001/character/20,2,0,0
1745250066378,2,Delete,200,OK,Thread Group 1-43,text,true,,293,182,3,3,http://localhost:3001/character/20,2,0,0
1745250066377,5,get by ID,200,OK,Thread Group 1-42,text,true,,275,160,2,2,http://localhost:3001/character/20,5,0,0
1745250066376,6,Get characters,200,OK,Thread Group 1-44,text,true,,969,158,2,2,http://localhost:3001/characters,6,0,1
1745250066382,2,Update,200,OK,Thread Group 1-42,text,true,,275,226,2,2,http://localhost:3001/character/20,1,0,0
1745250066382,2,Create,201,Created,Thread Group 1-44,text,true,,280,224,2,2,http://localhost:3001/character,2,0,0
1745250066384,1,Delete,200,OK,Thread Group 1-42,text,true,,293,182,2,2,http://localhost:3001/character/20,1,0,0
1745250066384,1,get by ID,200,OK,Thread Group 1-44,text,true,,275,160,1,1,http://localhost:3001/character/20,1,0,0
1745250066386,4,Update,200,OK,Thread Group 1-44,text,true,,275,226,2,2,http://localhost:3001/character/20,4,0,0
1745250066387,4,Get characters,200,OK,Thread Group 1-45,text,true,,969,158,2,2,http://localhost:3001/characters,4,0,0
1745250066391,2,Delete,200,OK,Thread Group 1-44,text,true,,293,182,2,2,http://localhost:3001/character/20,2,0,0
1745250066392,2,Create,201,Created,Thread Group 1-45,text,true,,280,224,1,1,http://localhost:3001/character,2,0,0
1745250066395,2,get by ID,200,OK,Thread Group 1-45,text,true,,275,160,1,1,http://localhost:3001/character/19,2,0,0
1745250066397,5,Update,200,OK,Thread Group 1-45,text,true,,275,226,2,2,http://localhost:3001/character/19,5,0,0
1745250066402,2,Delete,200,OK,Thread Group 1-45,text,true,,293,182,2,2,http://localhost:3001/character/19,2,0,0
1745250066398,8,Get characters,200,OK,Thread Group 1-46,text,true,,928,158,1,1,http://localhost:3001/characters,8,0,0
1745250066406,2,Create,201,Created,Thread Group 1-46,text,true,,280,224,1,1,http://localhost:3001/character,2,0,0
1745250066408,4,get by ID,200,OK,Thread Group 1-46,text,true,,275,160,2,2,http://localhost:3001/character/19,4,0,0
1745250066409,4,Get characters,200,OK,Thread Group 1-47,text,true,,969,158,2,2,http://localhost:3001/characters,4,0,1
1745250066412,2,Update,200,OK,Thread Group 1-46,text,true,,275,226,2,2,http://localhost:3001/character/19,2,0,0
1745250066413,2,Create,201,Created,Thread Group 1-47,text,true,,280,224,2,2,http://localhost:3001/character,2,0,0
1745250066415,1,Delete,200,OK,Thread Group 1-46,text,true,,293,182,2,2,http://localhost:3001/character/19,1,0,0
1745250066415,2,get by ID,200,OK,Thread Group 1-47,text,true,,275,160,1,1,http://localhost:3001/character/20,2,0,0
1745250066417,4,Update,200,OK,Thread Group 1-47,text,true,,275,226,2,2,http://localhost:3001/character/20,4,0,0
1745250066421,2,Delete,200,OK,Thread Group 1-47,text,true,,293,182,2,2,http://localhost:3001/character/20,2,0,0
1745250066419,4,Get characters,200,OK,Thread Group 1-48,text,true,,928,158,2,2,http://localhost:3001/characters,4,0,0
1745250066423,2,Create,201,Created,Thread Group 1-48,text,true,,280,224,1,1,http://localhost:3001/character,2,0,0
1745250066426,1,get by ID,200,OK,Thread Group 1-48,text,true,,275,160,1,1,http://localhost:3001/character/19,1,0,0
1745250066427,2,Update,200,OK,Thread Group 1-48,text,true,,275,226,1,1,http://localhost:3001/character/19,2,0,0
1745250066429,2,Delete,200,OK,Thread Group 1-48,text,true,,293,182,1,1,http://localhost:3001/character/19,2,0,0
1745250066438,2,Get characters,200,OK,Thread Group 1-49,text,true,,928,158,1,1,http://localhost:3001/characters,2,0,0
1745250066440,1,Create,201,Created,Thread Group 1-49,text,true,,280,224,1,1,http://localhost:3001/character,1,0,0
1745250066442,1,get by ID,200,OK,Thread Group 1-49,text,true,,275,160,1,1,http://localhost:3001/character/19,1,0,0
1745250066443,1,Update,200,OK,Thread Group 1-49,text,true,,275,226,1,1,http://localhost:3001/character/19,1,0,0
1745250066444,2,Delete,200,OK,Thread Group 1-49,text,true,,293,182,1,1,http://localhost:3001/character/19,2,0,0
1745250066448,2,Get characters,200,OK,Thread Group 1-50,text,true,,928,158,1,1,http://localhost:3001/characters,2,0,0
1745250066451,1,Create,201,Created,Thread Group 1-50,text,true,,280,224,1,1,http://localhost:3001/character,1,0,0
1745250066452,2,get by ID,200,OK,Thread Group 1-50,text,true,,275,160,1,1,http://localhost:3001/character/19,2,0,0
1745250066454,1,Update,200,OK,Thread Group 1-50,text,true,,275,226,1,1,http://localhost:3001/character/19,1,0,0
1745250066455,2,Delete,200,OK,Thread Group 1-50,text,true,,293,182,1,1,http://localhost:3001/character/19,2,0,0
1745250066458,3,Get characters,200,OK,Thread Group 1-51,text,true,,928,158,1,1,http://localhost:3001/characters,3,0,1
1745250066461,1,Create,201,Created,Thread Group 1-51,text,true,,280,224,1,1,http://localhost:3001/character,1,0,0
1745250066463,1,get by ID,200,OK,Thread Group 1-51,text,true,,275,160,1,1,http://localhost:3001/character/19,1,0,0
1745250066465,1,Update,200,OK,Thread Group 1-51,text,true,,275,226,1,1,http://localhost:3001/character/19,1,0,0
1745250066466,2,Delete,200,OK,Thread Group 1-51,text,true,,293,182,1,1,http://localhost:3001/character/19,2,0,0
1745250066470,2,Get characters,200,OK,Thread Group 1-52,text,true,,928,158,1,1,http://localhost:3001/characters,2,0,0
1745250066472,2,Create,201,Created,Thread Group 1-52,text,true,,280,224,1,1,http://localhost:3001/character,2,0,0
1745250066474,2,get by ID,200,OK,Thread Group 1-52,text,true,,275,160,1,1,http://localhost:3001/character/19,2,0,0
1745250066476,1,Update,200,OK,Thread Group 1-52,text,true,,275,226,2,2,http://localhost:3001/character/19,1,0,0
1745250066478,1,Delete,200,OK,Thread Group 1-52,text,true,,293,182,2,2,http://localhost:3001/character/19,1,0,0
1745250066477,3,Get characters,200,OK,Thread Group 1-53,text,true,,928,158,1,1,http://localhost:3001/characters,3,0,1
1745250066480,2,Create,201,Created,Thread Group 1-53,text,true,,280,224,1,1,http://localhost:3001/character,2,0,0
1745250066482,1,get by ID,200,OK,Thread Group 1-53,text,true,,275,160,1,1,http://localhost:3001/character/19,1,0,0
1745250066484,1,Update,200,OK,Thread Group 1-53,text,true,,275,226,1,1,http://localhost:3001/character/19,1,0,0
1745250066485,1,Delete,200,OK,Thread Group 1-53,text,true,,293,182,1,1,http://localhost:3001/character/19,1,0,0
1745250066488,2,Get characters,200,OK,Thread Group 1-54,text,true,,928,158,1,1,http://localhost:3001/characters,2,0,0
1745250066490,1,Create,201,Created,Thread Group 1-54,text,true,,280,224,1,1,http://localhost:3001/character,1,0,0
1745250066491,2,get by ID,200,OK,Thread Group 1-54,text,true,,275,160,1,1,http://localhost:3001/character/19,2,0,0
1745250066493,1,Update,200,OK,Thread Group 1-54,text,true,,275,226,1,1,http://localhost:3001/character/19,1,0,0
1745250066495,1,Delete,200,OK,Thread Group 1-54,text,true,,293,182,1,1,http://localhost:3001/character/19,1,0,0
1745250066498,2,Get characters,200,OK,Thread Group 1-55,text,true,,928,158,1,1,http://localhost:3001/characters,2,0,1
1745250066500,2,Create,201,Created,Thread Group 1-55,text,true,,280,224,1,1,http://localhost:3001/character,2,0,0
1745250066502,1,get by ID,200,OK,Thread Group 1-55,text,true,,275,160,1,1,http://localhost:3001/character/19,1,0,0
1745250066503,1,Update,200,OK,Thread Group 1-55,text,true,,275,226,1,1,http://localhost:3001/character/19,1,0,0
1745250066504,2,Delete,200,OK,Thread Group 1-55,text,true,,293,182,1,1,http://localhost:3001/character/19,2,0,0
1745250066508,2,Get characters,200,OK,Thread Group 1-56,text,true,,928,158,1,1,http://localhost:3001/characters,2,0,0
1745250066510,1,Create,201,Created,Thread Group 1-56,text,true,,280,224,1,1,http://localhost:3001/character,1,0,0
1745250066511,1,get by ID,200,OK,Thread Group 1-56,text,true,,275,160,1,1,http://localhost:3001/character/19,1,0,0
1745250066512,2,Update,200,OK,Thread Group 1-56,text,true,,275,226,1,1,http://localhost:3001/character/19,2,0,0
1745250066514,1,Delete,200,OK,Thread Group 1-56,text,true,,293,182,1,1,http://localhost:3001/character/19,1,0,0
1745250066518,2,Get characters,200,OK,Thread Group 1-57,text,true,,928,158,1,1,http://localhost:3001/characters,2,0,0
1745250066520,1,Create,201,Created,Thread Group 1-57,text,true,,280,224,1,1,http://localhost:3001/character,1,0,0
1745250066521,2,get by ID,200,OK,Thread Group 1-57,text,true,,275,160,1,1,http://localhost:3001/character/19,2,0,0
1745250066523,1,Update,200,OK,Thread Group 1-57,text,true,,275,226,1,1,http://localhost:3001/character/19,1,0,0
1745250066524,2,Delete,200,OK,Thread Group 1-57,text,true,,293,182,1,1,http://localhost:3001/character/19,2,0,0
1745250066528,2,Get characters,200,OK,Thread Group 1-58,text,true,,928,158,1,1,http://localhost:3001/characters,2,0,0
1745250066530,2,Create,201,Created,Thread Group 1-58,text,true,,280,224,1,1,http://localhost:3001/character,2,0,0
1745250066532,2,get by ID,200,OK,Thread Group 1-58,text,true,,275,160,1,1,http://localhost:3001/character/19,2,0,0
1745250066535,1,Update,200,OK,Thread Group 1-58,text,true,,275,226,1,1,http://localhost:3001/character/19,1,0,0
1745250066536,3,Delete,200,OK,Thread Group 1-58,text,true,,293,182,2,2,http://localhost:3001/character/19,3,0,0
1745250066537,3,Get characters,200,OK,Thread Group 1-59,text,true,,928,158,1,1,http://localhost:3001/characters,3,0,1
1745250066540,2,Create,201,Created,Thread Group 1-59,text,true,,280,224,1,1,http://localhost:3001/character,2,0,0
1745250066542,2,get by ID,200,OK,Thread Group 1-59,text,true,,275,160,1,1,http://localhost:3001/character/19,2,0,0
1745250066544,1,Update,200,OK,Thread Group 1-59,text,true,,275,226,1,1,http://localhost:3001/character/19,1,0,0
1745250066545,3,Delete,200,OK,Thread Group 1-59,text,true,,293,182,2,2,http://localhost:3001/character/19,3,0,0
1745250066547,3,Get characters,200,OK,Thread Group 1-60,text,true,,928,158,1,1,http://localhost:3001/characters,3,0,1
1745250066551,1,Create,201,Created,Thread Group 1-60,text,true,,280,224,1,1,http://localhost:3001/character,1,0,0
1745250066552,1,get by ID,200,OK,Thread Group 1-60,text,true,,275,160,1,1,http://localhost:3001/character/19,1,0,0
1745250066554,1,Update,200,OK,Thread Group 1-60,text,true,,275,226,1,1,http://localhost:3001/character/19,1,0,0
1745250066555,3,Delete,200,OK,Thread Group 1-60,text,true,,293,182,3,3,http://localhost:3001/character/19,3,0,0
1745250066556,5,Get characters,200,OK,Thread Group 1-62,text,true,,928,158,2,2,http://localhost:3001/characters,5,0,1
1745250066558,5,Get characters,200,OK,Thread Group 1-61,text,true,,928,158,2,2,http://localhost:3001/characters,5,0,0
1745250066562,3,Create,201,Created,Thread Group 1-62,text,true,,280,224,2,2,http://localhost:3001/character,3,0,0
1745250066563,2,Create,201,Created,Thread Group 1-61,text,true,,280,224,2,2,http://localhost:3001/character,2,0,0
1745250066564,2,get by ID,200,OK,Thread Group 1-62,text,true,,275,160,2,2,http://localhost:3001/character/19,2,0,0
1745250066565,1,get by ID,200,OK,Thread Group 1-61,text,true,,275,160,2,2,http://localhost:3001/character/20,1,0,0
1745250066566,1,Update,200,OK,Thread Group 1-62,text,true,,275,226,2,2,http://localhost:3001/character/19,1,0,0
1745250066566,2,Update,200,OK,Thread Group 1-61,text,true,,275,226,2,2,http://localhost:3001/character/20,2,0,0
1745250066568,1,Delete,200,OK,Thread Group 1-62,text,true,,293,182,2,2,http://localhost:3001/character/19,1,0,0
1745250066568,1,Delete,200,OK,Thread Group 1-61,text,true,,293,182,1,1,http://localhost:3001/character/20,1,0,0
1745250066579,7,Get characters,200,OK,Thread Group 1-63,text,true,,928,158,2,2,http://localhost:3001/characters,6,0,0
1745250066576,10,Get characters,200,OK,Thread Group 1-64,text,true,,928,158,2,2,http://localhost:3001/characters,10,0,1
1745250066586,2,Create,201,Created,Thread Group 1-64,text,true,,280,224,2,2,http://localhost:3001/character,2,0,0
1745250066596,2,Get characters,200,OK,Thread Group 1-65,text,true,,1010,158,3,3,http://localhost:3001/characters,2,0,0
1745250066586,4,Create,201,Created,Thread Group 1-63,text,true,,280,224,2,2,http://localhost:3001/character,4,0,0
1745250066588,2,get by ID,200,OK,Thread Group 1-64,text,true,,275,160,2,2,http://localhost:3001/character/19,2,0,0
1745250066602,12,Update,200,OK,Thread Group 1-64,text,true,,275,226,5,5,http://localhost:3001/character/19,12,0,0
1745250066602,14,Create,201,Created,Thread Group 1-65,text,true,,280,224,5,5,http://localhost:3001/character,14,0,0
1745250066602,14,get by ID,200,OK,Thread Group 1-63,text,true,,275,160,5,5,http://localhost:3001/character/20,14,0,0
1745250066606,12,Get characters,200,OK,Thread Group 1-67,text,true,,1051,158,5,5,http://localhost:3001/characters,12,0,1
1745250066614,5,Delete,200,OK,Thread Group 1-64,text,true,,293,182,5,5,http://localhost:3001/character/19,5,0,0
1745250066616,7,get by ID,200,OK,Thread Group 1-65,text,true,,275,160,4,4,http://localhost:3001/character/21,7,0,0
1745250066618,6,Create,201,Created,Thread Group 1-67,text,true,,280,224,4,4,http://localhost:3001/character,6,0,0
1745250066617,8,Update,200,OK,Thread Group 1-63,text,true,,275,226,4,4,http://localhost:3001/character/20,8,0,0
1745250066607,23,Get characters,200,OK,Thread Group 1-66,text,true,,1051,158,6,6,http://localhost:3001/characters,23,0,2
1745250066630,8,Create,201,Created,Thread Group 1-66,text,true,,280,224,6,6,http://localhost:3001/character,8,0,0
1745250066625,14,Delete,200,OK,Thread Group 1-63,text,true,,293,182,6,6,http://localhost:3001/character/20,14,0,0
1745250066625,15,get by ID,200,OK,Thread Group 1-67,text,true,,275,160,5,5,http://localhost:3001/character/21,15,0,0
1745250066624,17,Update,200,OK,Thread Group 1-65,text,true,,275,226,5,5,http://localhost:3001/character/21,17,0,0
1745250066627,17,Get characters,200,OK,Thread Group 1-68,text,true,,1051,158,5,5,http://localhost:3001/characters,17,0,3
1745250066627,19,Get characters,200,OK,Thread Group 1-69,text,true,,1051,158,5,5,http://localhost:3001/characters,19,0,2
1745250066641,8,Delete,200,OK,Thread Group 1-65,text,true,,293,182,7,7,http://localhost:3001/character/21,8,0,0
1745250066640,14,Update,200,OK,Thread Group 1-67,text,true,,275,226,6,6,http://localhost:3001/character/21,14,0,0
1745250066645,8,Create,201,Created,Thread Group 1-68,text,true,,280,224,6,6,http://localhost:3001/character,8,0,0
1745250066639,15,get by ID,200,OK,Thread Group 1-66,text,true,,275,160,6,6,http://localhost:3001/character/22,15,0,0
1745250066646,8,Create,201,Created,Thread Group 1-69,text,true,,280,224,6,6,http://localhost:3001/character,8,0,0
1745250066654,4,Update,200,OK,Thread Group 1-66,text,true,,275,226,6,6,http://localhost:3001/character/22,3,0,0
1745250066654,4,get by ID,200,OK,Thread Group 1-69,text,true,,275,160,6,6,http://localhost:3001/character/22,4,0,0
1745250066654,4,Delete,200,OK,Thread Group 1-67,text,true,,293,182,6,6,http://localhost:3001/character/21,4,0,0
1745250066654,4,get by ID,200,OK,Thread Group 1-68,text,true,,275,160,6,6,http://localhost:3001/character/21,4,0,0
1745250066658,4,Update,200,OK,Thread Group 1-69,text,true,,275,226,5,5,http://localhost:3001/character/22,4,0,0
1745250066647,15,Get characters,200,OK,Thread Group 1-70,text,true,,1051,158,5,5,http://localhost:3001/characters,15,0,1
1745250066649,13,Get characters,200,OK,Thread Group 1-71,text,true,,1051,158,5,5,http://localhost:3001/characters,13,0,0
1745250066659,4,Update,200,OK,Thread Group 1-68,text,true,,275,226,5,5,http://localhost:3001/character/21,4,0,0
1745250066658,5,Delete,200,OK,Thread Group 1-66,text,true,,293,182,5,5,http://localhost:3001/character/22,5,0,0
1745250066662,3,Create,201,Created,Thread Group 1-70,text,true,,280,224,5,5,http://localhost:3001/character,3,0,0
1745250066663,5,Delete,200,OK,Thread Group 1-68,text,true,,293,182,5,5,http://localhost:3001/character/21,5,0,0
1745250066662,7,Delete,200,OK,Thread Group 1-69,text,true,,293,182,4,4,http://localhost:3001/character/22,7,0,0
1745250066666,3,get by ID,200,OK,Thread Group 1-70,text,true,,275,160,4,4,http://localhost:3001/character/21,3,0,0
1745250066662,7,Create,201,Created,Thread Group 1-71,text,true,,280,224,4,4,http://localhost:3001/character,7,0,0
1745250066669,3,get by ID,200,OK,Thread Group 1-71,text,true,,275,160,3,3,http://localhost:3001/character/21,3,0,0
1745250066669,4,Update,200,OK,Thread Group 1-70,text,true,,275,226,3,3,http://localhost:3001/character/21,4,0,0
1745250066666,8,Get characters,200,OK,Thread Group 1-72,text,true,,1010,158,3,3,http://localhost:3001/characters,8,0,2
1745250066672,2,Update,200,OK,Thread Group 1-71,text,true,,275,226,3,3,http://localhost:3001/character/21,2,0,0
1745250066674,1,Delete,200,OK,Thread Group 1-70,text,true,,293,182,4,4,http://localhost:3001/character/21,1,0,0
1745250066674,3,Delete,200,OK,Thread Group 1-71,text,true,,293,182,3,3,http://localhost:3001/character/21,3,0,0
1745250066674,5,Create,201,Created,Thread Group 1-72,text,true,,280,224,2,2,http://localhost:3001/character,5,0,0
1745250066679,2,get by ID,200,OK,Thread Group 1-72,text,true,,275,160,2,2,http://localhost:3001/character/19,2,0,0
1745250066675,6,Get characters,200,OK,Thread Group 1-73,text,true,,969,158,2,2,http://localhost:3001/characters,6,0,1
1745250066681,2,Update,200,OK,Thread Group 1-72,text,true,,275,226,2,2,http://localhost:3001/character/19,2,0,0
1745250066682,1,Create,201,Created,Thread Group 1-73,text,true,,280,224,2,2,http://localhost:3001/character,1,0,0
1745250066683,2,Delete,200,OK,Thread Group 1-72,text,true,,293,182,2,2,http://localhost:3001/character/19,2,0,0
1745250066684,4,get by ID,200,OK,Thread Group 1-73,text,true,,275,160,3,3,http://localhost:3001/character/20,4,0,0
1745250066689,3,Update,200,OK,Thread Group 1-73,text,true,,275,226,3,3,http://localhost:3001/character/20,3,0,0
1745250066686,8,Get characters,200,OK,Thread Group 1-74,text,true,,969,158,3,3,http://localhost:3001/characters,8,0,1
1745250066686,8,Get characters,200,OK,Thread Group 1-75,text,true,,969,158,3,3,http://localhost:3001/characters,8,0,1
1745250066692,3,Delete,200,OK,Thread Group 1-73,text,true,,293,182,3,3,http://localhost:3001/character/20,3,0,0
1745250066694,3,Create,201,Created,Thread Group 1-74,text,true,,280,224,2,2,http://localhost:3001/character,3,0,0
1745250066694,3,Create,201,Created,Thread Group 1-75,text,true,,280,224,2,2,http://localhost:3001/character,3,0,0
1745250066698,3,get by ID,200,OK,Thread Group 1-74,text,true,,275,160,2,2,http://localhost:3001/character/20,3,0,0
1745250066698,3,get by ID,200,OK,Thread Group 1-75,text,true,,275,160,2,2,http://localhost:3001/character/19,3,0,0
1745250066701,2,Update,200,OK,Thread Group 1-74,text,true,,275,226,2,2,http://localhost:3001/character/20,2,0,0
1745250066701,3,Update,200,OK,Thread Group 1-75,text,true,,275,226,2,2,http://localhost:3001/character/19,3,0,0
1745250066704,5,Delete,200,OK,Thread Group 1-75,text,true,,293,182,4,4,http://localhost:3001/character/19,5,0,0
1745250066704,8,Delete,200,OK,Thread Group 1-74,text,true,,293,182,3,3,http://localhost:3001/character/20,8,0,0
1745250066705,9,Get characters,200,OK,Thread Group 1-77,text,true,,928,158,2,2,http://localhost:3001/characters,9,0,1
1745250066706,9,Get characters,200,OK,Thread Group 1-76,text,true,,928,158,2,2,http://localhost:3001/characters,9,0,1
1745250066714,2,Create,201,Created,Thread Group 1-77,text,true,,280,224,2,2,http://localhost:3001/character,2,0,0
1745250066715,2,Create,201,Created,Thread Group 1-76,text,true,,280,224,2,2,http://localhost:3001/character,2,0,0
1745250066716,2,get by ID,200,OK,Thread Group 1-77,text,true,,275,160,2,2,http://localhost:3001/character/19,2,0,0
1745250066717,2,get by ID,200,OK,Thread Group 1-76,text,true,,275,160,2,2,http://localhost:3001/character/20,2,0,0
1745250066718,2,Update,200,OK,Thread Group 1-77,text,true,,275,226,2,2,http://localhost:3001/character/19,2,0,0
1745250066719,2,Update,200,OK,Thread Group 1-76,text,true,,275,226,2,2,http://localhost:3001/character/20,2,0,0
1745250066720,2,Delete,200,OK,Thread Group 1-77,text,true,,293,182,2,2,http://localhost:3001/character/19,2,0,0
1745250066721,2,Delete,200,OK,Thread Group 1-76,text,true,,293,182,1,1,http://localhost:3001/character/20,2,0,0
1745250066724,2,Get characters,200,OK,Thread Group 1-78,text,true,,928,158,1,1,http://localhost:3001/characters,2,0,0
1745250066726,2,Create,201,Created,Thread Group 1-78,text,true,,280,224,1,1,http://localhost:3001/character,2,0,0
1745250066728,1,get by ID,200,OK,Thread Group 1-78,text,true,,275,160,1,1,http://localhost:3001/character/19,1,0,0
1745250066729,2,Update,200,OK,Thread Group 1-78,text,true,,275,226,1,1,http://localhost:3001/character/19,2,0,0
1745250066731,2,Delete,200,OK,Thread Group 1-78,text,true,,293,182,1,1,http://localhost:3001/character/19,2,0,0
1745250066742,11,Get characters,200,OK,Thread Group 1-79,text,true,,928,158,3,3,http://localhost:3001/characters,11,0,2
1745250066747,7,Get characters,200,OK,Thread Group 1-80,text,true,,928,158,3,3,http://localhost:3001/characters,7,0,0
1745250066747,9,Get characters,200,OK,Thread Group 1-81,text,true,,928,158,4,4,http://localhost:3001/characters,9,0,0
1745250066754,3,Create,201,Created,Thread Group 1-79,text,true,,280,224,4,4,http://localhost:3001/character,3,0,0
1745250066754,2,Create,201,Created,Thread Group 1-80,text,true,,280,224,4,4,http://localhost:3001/character,2,0,0
1745250066756,3,Create,201,Created,Thread Group 1-81,text,true,,280,224,4,4,http://localhost:3001/character,3,0,0
1745250066757,3,get by ID,200,OK,Thread Group 1-80,text,true,,275,160,4,4,http://localhost:3001/character/19,3,0,0
1745250066757,3,get by ID,200,OK,Thread Group 1-79,text,true,,275,160,4,4,http://localhost:3001/character/20,3,0,0
1745250066756,6,Get characters,200,OK,Thread Group 1-82,text,true,,1051,158,4,4,http://localhost:3001/characters,6,0,0
1745250066760,2,Update,200,OK,Thread Group 1-80,text,true,,275,226,4,4,http://localhost:3001/character/19,2,0,0
1745250066760,3,get by ID,200,OK,Thread Group 1-81,text,true,,275,160,4,4,http://localhost:3001/character/21,3,0,0
1745250066760,6,Update,200,OK,Thread Group 1-79,text,true,,275,226,4,4,http://localhost:3001/character/20,6,0,0
1745250066763,3,Delete,200,OK,Thread Group 1-80,text,true,,293,182,4,4,http://localhost:3001/character/19,3,0,0
1745250066763,6,Update,200,OK,Thread Group 1-81,text,true,,275,226,3,3,http://localhost:3001/character/21,6,0,0
1745250066762,7,Create,201,Created,Thread Group 1-82,text,true,,280,224,3,3,http://localhost:3001/character,6,0,0
1745250066766,3,Delete,200,OK,Thread Group 1-79,text,true,,293,182,3,3,http://localhost:3001/character/20,3,0,0
1745250066769,11,Delete,200,OK,Thread Group 1-81,text,true,,293,182,3,3,http://localhost:3001/character/21,11,0,0
1745250066769,16,get by ID,200,OK,Thread Group 1-82,text,true,,275,160,3,3,http://localhost:3001/character/21,16,0,0
1745250066785,4,Update,200,OK,Thread Group 1-82,text,true,,275,226,3,3,http://localhost:3001/character/21,4,0,0
1745250066775,28,Get characters,200,OK,Thread Group 1-83,text,true,,969,158,5,5,http://localhost:3001/characters,28,0,0
1745250066783,22,Get characters,200,OK,Thread Group 1-84,text,true,,969,158,5,5,http://localhost:3001/characters,22,0,1
1745250066790,26,Delete,200,OK,Thread Group 1-82,text,true,,293,182,6,6,http://localhost:3001/character/21,26,0,0
1745250066806,13,Create,201,Created,Thread Group 1-84,text,true,,280,224,5,5,http://localhost:3001/character,13,0,0
1745250066804,16,Create,201,Created,Thread Group 1-83,text,true,,280,224,5,5,http://localhost:3001/character,16,0,0
1745250066799,22,Get characters,200,OK,Thread Group 1-85,text,true,,1010,158,5,5,http://localhost:3001/characters,22,0,3
1745250066805,17,Get characters,200,OK,Thread Group 1-86,text,true,,1010,158,5,5,http://localhost:3001/characters,17,0,1
1745250066820,3,get by ID,200,OK,Thread Group 1-83,text,true,,275,160,5,5,http://localhost:3001/character/20,3,0,0
1745250066821,6,Create,201,Created,Thread Group 1-85,text,true,,280,224,6,6,http://localhost:3001/character,6,0,0
1745250066822,6,Create,201,Created,Thread Group 1-86,text,true,,280,224,6,6,http://localhost:3001/character,6,0,0
1745250066819,10,get by ID,200,OK,Thread Group 1-84,text,true,,275,160,6,6,http://localhost:3001/character/19,10,0,0
1745250066824,5,Update,200,OK,Thread Group 1-83,text,true,,275,226,6,6,http://localhost:3001/character/20,5,0,0
1745250066815,15,Get characters,200,OK,Thread Group 1-87,text,true,,1092,158,6,6,http://localhost:3001/characters,15,0,1
1745250066825,6,Get characters,200,OK,Thread Group 1-88,text,true,,1092,158,6,6,http://localhost:3001/characters,6,0,1
1745250066829,3,get by ID,200,OK,Thread Group 1-86,text,true,,275,160,6,6,http://localhost:3001/character/22,3,0,0
1745250066827,5,get by ID,200,OK,Thread Group 1-85,text,true,,275,160,6,6,http://localhost:3001/character/21,5,0,0
1745250066829,4,Update,200,OK,Thread Group 1-84,text,true,,275,226,6,6,http://localhost:3001/character/19,4,0,0
1745250066829,4,Delete,200,OK,Thread Group 1-83,text,true,,293,182,6,6,http://localhost:3001/character/20,4,0,0
1745250066830,10,Create,201,Created,Thread Group 1-87,text,true,,280,224,6,6,http://localhost:3001/character,10,0,0
1745250066832,8,Update,200,OK,Thread Group 1-86,text,true,,275,226,6,6,http://localhost:3001/character/22,8,0,0
1745250066832,8,Update,200,OK,Thread Group 1-85,text,true,,275,226,6,6,http://localhost:3001/character/21,8,0,0
1745250066831,9,Create,201,Created,Thread Group 1-88,text,true,,280,224,6,6,http://localhost:3001/character,9,0,0
1745250066833,8,Delete,200,OK,Thread Group 1-84,text,true,,293,182,6,6,http://localhost:3001/character/19,8,0,0
1745250066841,10,get by ID,200,OK,Thread Group 1-88,text,true,,275,160,6,6,http://localhost:3001/character/23,10,0,0
1745250066840,11,Delete,200,OK,Thread Group 1-85,text,true,,293,182,6,6,http://localhost:3001/character/21,11,0,0
1745250066840,13,Delete,200,OK,Thread Group 1-86,text,true,,293,182,5,5,http://localhost:3001/character/22,13,0,0
1745250066840,13,get by ID,200,OK,Thread Group 1-87,text,true,,275,160,5,5,http://localhost:3001/character/22,13,0,0
1745250066846,10,Get characters,200,OK,Thread Group 1-90,text,true,,1010,158,5,5,http://localhost:3001/characters,10,0,1
1745250066836,21,Get characters,200,OK,Thread Group 1-89,text,true,,1010,158,5,5,http://localhost:3001/characters,21,0,2
1745250066853,4,Update,200,OK,Thread Group 1-87,text,true,,275,226,5,5,http://localhost:3001/character/22,4,0,0
1745250066852,6,Update,200,OK,Thread Group 1-88,text,true,,275,226,5,5,http://localhost:3001/character/23,6,0,0
1745250066854,6,Get characters,200,OK,Thread Group 1-91,text,true,,1010,158,5,5,http://localhost:3001/characters,6,0,1
1745250066858,2,Delete,200,OK,Thread Group 1-88,text,true,,293,182,5,5,http://localhost:3001/character/23,2,0,0
1745250066858,4,Delete,200,OK,Thread Group 1-87,text,true,,293,182,4,4,http://localhost:3001/character/22,4,0,0
1745250066857,5,Create,201,Created,Thread Group 1-89,text,true,,280,224,4,4,http://localhost:3001/character,5,0,0
1745250066856,7,Create,201,Created,Thread Group 1-90,text,true,,280,224,4,4,http://localhost:3001/character,7,0,0
1745250066863,4,get by ID,200,OK,Thread Group 1-89,text,true,,275,160,5,5,http://localhost:3001/character/19,4,0,0
1745250066861,6,Create,201,Created,Thread Group 1-91,text,true,,280,224,5,5,http://localhost:3001/character,6,0,0
1745250066864,4,get by ID,200,OK,Thread Group 1-90,text,true,,275,160,5,5,http://localhost:3001/character/20,4,0,0
1745250066863,6,Get characters,200,OK,Thread Group 1-92,text,true,,1051,158,5,5,http://localhost:3001/characters,6,0,1
1745250066868,1,get by ID,200,OK,Thread Group 1-91,text,true,,275,160,5,5,http://localhost:3001/character/21,1,0,0
1745250066867,3,Update,200,OK,Thread Group 1-89,text,true,,275,226,5,5,http://localhost:3001/character/19,3,0,0
1745250066865,5,Get characters,200,OK,Thread Group 1-93,text,true,,1051,158,5,5,http://localhost:3001/characters,5,0,1
1745250066868,3,Update,200,OK,Thread Group 1-90,text,true,,275,226,5,5,http://localhost:3001/character/20,3,0,0
1745250066869,3,Update,200,OK,Thread Group 1-91,text,true,,275,226,5,5,http://localhost:3001/character/21,3,0,0
1745250066869,3,Create,201,Created,Thread Group 1-92,text,true,,280,224,5,5,http://localhost:3001/character,3,0,0
1745250066870,3,Delete,200,OK,Thread Group 1-89,text,true,,293,182,5,5,http://localhost:3001/character/19,3,0,0
1745250066870,5,Create,201,Created,Thread Group 1-93,text,true,,280,224,4,4,http://localhost:3001/character,5,0,0
1745250066872,4,Delete,200,OK,Thread Group 1-90,text,true,,293,182,4,4,http://localhost:3001/character/20,4,0,0
1745250066872,4,get by ID,200,OK,Thread Group 1-92,text,true,,275,160,4,4,http://localhost:3001/character/22,4,0,0
1745250066872,5,Delete,200,OK,Thread Group 1-91,text,true,,293,182,3,3,http://localhost:3001/character/21,5,0,0
1745250066875,7,get by ID,200,OK,Thread Group 1-93,text,true,,275,160,2,2,http://localhost:3001/character/22,7,0,0
1745250066877,5,Update,200,OK,Thread Group 1-92,text,true,,275,226,2,2,http://localhost:3001/character/22,5,0,0
1745250066882,2,Update,200,OK,Thread Group 1-93,text,true,,275,226,4,4,http://localhost:3001/character/22,2,0,0
1745250066882,3,Delete,200,OK,Thread Group 1-92,text,true,,293,182,4,4,http://localhost:3001/character/22,3,0,0
1745250066884,3,Delete,200,OK,Thread Group 1-93,text,true,,293,182,3,3,http://localhost:3001/character/22,3,0,0
1745250066884,4,Get characters,200,OK,Thread Group 1-94,text,true,,928,158,2,2,http://localhost:3001/characters,4,0,0
1745250066884,5,Get characters,200,OK,Thread Group 1-95,text,true,,928,158,2,2,http://localhost:3001/characters,5,0,1
1745250066888,1,Create,201,Created,Thread Group 1-94,text,true,,280,224,2,2,http://localhost:3001/character,1,0,0
1745250066889,2,Create,201,Created,Thread Group 1-95,text,true,,280,224,2,2,http://localhost:3001/character,2,0,0
1745250066890,1,get by ID,200,OK,Thread Group 1-94,text,true,,275,160,2,2,http://localhost:3001/character/19,1,0,0
1745250066891,1,Update,200,OK,Thread Group 1-94,text,true,,275,226,2,2,http://localhost:3001/character/19,1,0,0
1745250066891,1,get by ID,200,OK,Thread Group 1-95,text,true,,275,160,2,2,http://localhost:3001/character/20,1,0,0
1745250066892,1,Delete,200,OK,Thread Group 1-94,text,true,,293,182,2,2,http://localhost:3001/character/19,1,0,0
1745250066892,2,Update,200,OK,Thread Group 1-95,text,true,,275,226,1,1,http://localhost:3001/character/20,2,0,0
1745250066894,2,Delete,200,OK,Thread Group 1-95,text,true,,293,182,1,1,http://localhost:3001/character/20,2,0,0
1745250066903,7,Get characters,200,OK,Thread Group 1-96,text,true,,928,158,2,2,http://localhost:3001/characters,7,0,1
1745250066905,6,Get characters,200,OK,Thread Group 1-97,text,true,,928,158,2,2,http://localhost:3001/characters,6,0,1
1745250066911,2,Create,201,Created,Thread Group 1-97,text,true,,280,224,2,2,http://localhost:3001/character,2,0,0
1745250066910,3,Create,201,Created,Thread Group 1-96,text,true,,280,224,2,2,http://localhost:3001/character,3,0,0
1745250066914,1,get by ID,200,OK,Thread Group 1-97,text,true,,275,160,2,2,http://localhost:3001/character/20,1,0,0
1745250066914,2,get by ID,200,OK,Thread Group 1-96,text,true,,275,160,2,2,http://localhost:3001/character/19,2,0,0
1745250066915,2,Update,200,OK,Thread Group 1-97,text,true,,275,226,2,2,http://localhost:3001/character/20,2,0,0
1745250066916,1,Update,200,OK,Thread Group 1-96,text,true,,275,226,2,2,http://localhost:3001/character/19,1,0,0
1745250066917,1,Delete,200,OK,Thread Group 1-97,text,true,,293,182,2,2,http://localhost:3001/character/20,1,0,0
1745250066918,1,Delete,200,OK,Thread Group 1-96,text,true,,293,182,1,1,http://localhost:3001/character/19,1,0,0
1745250066922,3,Get characters,200,OK,Thread Group 1-98,text,true,,928,158,2,2,http://localhost:3001/characters,3,0,1
1745250066925,2,Create,201,Created,Thread Group 1-98,text,true,,280,224,2,2,http://localhost:3001/character,2,0,0
1745250066925,3,Get characters,200,OK,Thread Group 1-99,text,true,,969,158,2,2,http://localhost:3001/characters,3,0,1
1745250066927,1,get by ID,200,OK,Thread Group 1-98,text,true,,275,160,2,2,http://localhost:3001/character/19,1,0,0
1745250066928,1,Create,201,Created,Thread Group 1-99,text,true,,280,224,2,2,http://localhost:3001/character,1,0,0
1745250066929,1,Update,200,OK,Thread Group 1-98,text,true,,275,226,2,2,http://localhost:3001/character/19,1,0,0
1745250066930,1,get by ID,200,OK,Thread Group 1-99,text,true,,275,160,2,2,http://localhost:3001/character/20,1,0,0
1745250066930,1,Delete,200,OK,Thread Group 1-98,text,true,,293,182,2,2,http://localhost:3001/character/19,1,0,0
1745250066931,2,Update,200,OK,Thread Group 1-99,text,true,,275,226,1,1,http://localhost:3001/character/20,2,0,0
1745250066933,1,Delete,200,OK,Thread Group 1-99,text,true,,293,182,1,1,http://localhost:3001/character/20,1,0,0
1745250066942,2,Get characters,200,OK,Thread Group 1-100,text,true,,928,158,1,1,http://localhost:3001/characters,2,0,1
1745250066945,1,Create,201,Created,Thread Group 1-100,text,true,,280,224,1,1,http://localhost:3001/character,1,0,0
1745250066946,1,get by ID,200,OK,Thread Group 1-100,text,true,,275,160,1,1,http://localhost:3001/character/19,1,0,0
1745250066947,2,Update,200,OK,Thread Group 1-100,text,true,,275,226,1,1,http://localhost:3001/character/19,2,0,0
1745250066949,1,Delete,200,OK,Thread Group 1-100,text,true,,293,182,1,1,http://localhost:3001/character/19,1,0,0
