timeStamp,elapsed,label,responseCode,responseMessage,threadName,dataType,success,failureMessage,bytes,sentBytes,grpThreads,allThreads,URL,Latency,IdleTime,Connect
1746045635798,918,Post create Pet,200,OK,Pets 1-2,text,true,,493,413,7,7,https://petstore.swagger.io/v2/pet,917,0,779
1746045635753,962,Post create Pet,200,OK,Pets 1-1,text,true,,492,412,7,7,https://petstore.swagger.io/v2/pet,961,0,823
1746045635965,751,Post create Pet,200,OK,Pets 1-3,text,true,,491,411,7,7,https://petstore.swagger.io/v2/pet,750,0,611
1746045636151,565,Post create Pet,200,OK,Pets 1-4,text,true,,492,412,7,7,https://petstore.swagger.io/v2/pet,564,0,426
1746045636298,513,Post create Pet,200,OK,Pets 1-5,text,true,,492,412,8,8,https://petstore.swagger.io/v2/pet,512,0,385
1746045636721,130,Get pet,200,OK,Pets 1-2,text,true,,492,179,8,8,https://petstore.swagger.io/v2/pet/9223372036854775807,129,0,0
1746045636720,131,Get pet,200,OK,Pets 1-4,text,true,,491,179,8,8,https://petstore.swagger.io/v2/pet/9223372036854775807,130,0,0
1746045636720,132,Get pet,200,OK,Pets 1-1,text,true,,492,179,8,8,https://petstore.swagger.io/v2/pet/9223372036854775807,132,0,0
1746045636720,132,Get pet,200,OK,Pets 1-3,text,true,,491,179,8,8,https://petstore.swagger.io/v2/pet/9223372036854775807,131,0,0
1746045636811,129,Get pet,200,OK,Pets 1-5,text,true,,492,179,8,8,https://petstore.swagger.io/v2/pet/9223372036854775807,129,0,0
1746045636851,129,Post create Pet,200,OK,Pets 1-4,text,true,,493,413,9,9,https://petstore.swagger.io/v2/pet,129,0,0
1746045636855,129,Post create Pet,200,OK,Pets 1-1,text,true,,491,411,9,9,https://petstore.swagger.io/v2/pet,129,0,0
1746045636855,129,Post create Pet,200,OK,Pets 1-2,text,true,,492,412,9,9,https://petstore.swagger.io/v2/pet,129,0,0
1746045636855,129,Post create Pet,200,OK,Pets 1-3,text,true,,493,413,9,9,https://petstore.swagger.io/v2/pet,129,0,0
1746045636484,519,Post create Pet,200,OK,Pets 1-6,text,true,,494,414,9,9,https://petstore.swagger.io/v2/pet,518,0,388
1746045636940,128,Post create Pet,200,OK,Pets 1-5,text,true,,492,412,9,9,https://petstore.swagger.io/v2/pet,128,0,0
1746045636981,128,Get pet,200,OK,Pets 1-4,text,true,,494,179,9,9,https://petstore.swagger.io/v2/pet/9223372036854775807,128,0,0
1746045636985,127,Get pet,200,OK,Pets 1-2,text,true,,492,179,9,9,https://petstore.swagger.io/v2/pet/9223372036854775807,126,0,0
1746045636985,127,Get pet,200,OK,Pets 1-1,text,true,,492,179,9,9,https://petstore.swagger.io/v2/pet/9223372036854775807,126,0,0
1746045636985,128,Get pet,200,OK,Pets 1-3,text,true,,494,179,9,9,https://petstore.swagger.io/v2/pet/9223372036854775807,128,0,0
1746045637003,128,Get pet,200,OK,Pets 1-6,text,true,,492,179,9,9,https://petstore.swagger.io/v2/pet/9223372036854775807,128,0,0
1746045636650,518,Post create Pet,200,OK,Pets 1-7,text,true,,491,411,10,10,https://petstore.swagger.io/v2/pet,518,0,390
1746045637068,129,Get pet,200,OK,Pets 1-5,text,true,,494,179,10,10,https://petstore.swagger.io/v2/pet/9223372036854775807,129,0,0
1746045637110,128,Post create Pet,200,OK,Pets 1-4,text,true,,494,414,10,10,https://petstore.swagger.io/v2/pet,128,0,0
1746045637112,127,Post create Pet,200,OK,Pets 1-1,text,true,,493,413,10,10,https://petstore.swagger.io/v2/pet,127,0,0
1746045637112,128,Post create Pet,200,OK,Pets 1-2,text,true,,491,411,10,10,https://petstore.swagger.io/v2/pet,128,0,0
1746045637114,130,Post create Pet,200,OK,Pets 1-3,text,true,,493,413,10,10,https://petstore.swagger.io/v2/pet,129,0,0
1746045637133,130,Post create Pet,200,OK,Pets 1-6,text,true,,492,412,10,10,https://petstore.swagger.io/v2/pet,130,0,0
1746045637169,130,Get pet,200,OK,Pets 1-7,text,true,,492,179,10,10,https://petstore.swagger.io/v2/pet/9223372036854775807,130,0,0
1746045636798,519,Post create Pet,200,OK,Pets 1-8,text,true,,493,413,11,11,https://petstore.swagger.io/v2/pet,519,0,391
1746045637198,127,Post create Pet,200,OK,Pets 1-5,text,true,,491,411,11,11,https://petstore.swagger.io/v2/pet,127,0,0
1746045637239,127,Get pet,200,OK,Pets 1-4,text,true,,491,179,11,11,https://petstore.swagger.io/v2/pet/9223372036854775807,127,0,0
1746045637240,126,Get pet,200,OK,Pets 1-1,text,true,,492,179,11,11,https://petstore.swagger.io/v2/pet/9223372036854775807,126,0,0
1746045637240,128,Get pet,200,OK,Pets 1-2,text,true,,491,179,11,11,https://petstore.swagger.io/v2/pet/9223372036854775807,128,0,0
1746045637244,128,Get pet,200,OK,Pets 1-3,text,true,,492,179,11,11,https://petstore.swagger.io/v2/pet/9223372036854775807,128,0,0
1746045637263,129,Get pet,200,OK,Pets 1-6,text,true,,492,179,11,11,https://petstore.swagger.io/v2/pet/9223372036854775807,129,0,0
1746045637299,130,Post create Pet,200,OK,Pets 1-7,text,true,,492,412,11,11,https://petstore.swagger.io/v2/pet,130,0,0
1746045637317,128,Get pet,200,OK,Pets 1-8,text,true,,492,179,11,11,https://petstore.swagger.io/v2/pet/9223372036854775807,128,0,0
1746045637326,128,Get pet,200,OK,Pets 1-5,text,true,,492,179,11,11,https://petstore.swagger.io/v2/pet/9223372036854775807,128,0,0
1746045637367,127,Post create Pet,200,OK,Pets 1-1,text,true,,494,414,12,12,https://petstore.swagger.io/v2/pet,127,0,0
1746045637367,127,Post create Pet,200,OK,Pets 1-4,text,true,,491,411,12,12,https://petstore.swagger.io/v2/pet,127,0,0
1746045637368,128,Post create Pet,200,OK,Pets 1-2,text,true,,493,413,12,12,https://petstore.swagger.io/v2/pet,128,0,0
1746045636981,517,Post create Pet,200,OK,Pets 1-9,text,true,,492,412,12,12,https://petstore.swagger.io/v2/pet,517,0,388
1746045637373,127,Post create Pet,200,OK,Pets 1-3,text,true,,493,413,12,12,https://petstore.swagger.io/v2/pet,127,0,0
1746045637393,128,Post create Pet,200,OK,Pets 1-6,text,true,,492,412,12,12,https://petstore.swagger.io/v2/pet,128,0,0
1746045637430,130,Get pet,200,OK,Pets 1-7,text,true,,492,179,12,12,https://petstore.swagger.io/v2/pet/9223372036854775807,130,0,0
1746045637445,128,Post create Pet,200,OK,Pets 1-8,text,true,,493,413,12,12,https://petstore.swagger.io/v2/pet,128,0,0
1746045637455,129,Post create Pet,200,OK,Pets 1-5,text,true,,491,411,12,12,https://petstore.swagger.io/v2/pet,129,0,0
1746045637495,127,Get pet,200,OK,Pets 1-4,text,true,,491,179,12,12,https://petstore.swagger.io/v2/pet/9223372036854775807,127,0,0
1746045637495,127,Get pet,200,OK,Pets 1-1,text,true,,493,179,12,12,https://petstore.swagger.io/v2/pet/9223372036854775807,127,0,0
1746045637496,127,Get pet,200,OK,Pets 1-2,text,true,,491,179,12,12,https://petstore.swagger.io/v2/pet/9223372036854775807,127,0,0
1746045637498,129,Get pet,200,OK,Pets 1-9,text,true,,491,179,9,9,https://petstore.swagger.io/v2/pet/9223372036854775807,129,0,0
1746045637501,127,Get pet,200,OK,Pets 1-3,text,true,,493,179,9,9,https://petstore.swagger.io/v2/pet/9223372036854775807,127,0,0
1746045637522,128,Get pet,200,OK,Pets 1-6,text,true,,493,179,9,9,https://petstore.swagger.io/v2/pet/9223372036854775807,128,0,0
1746045637149,512,Post create Pet,200,OK,Pets 1-10,text,true,,493,413,9,9,https://petstore.swagger.io/v2/pet,512,0,386
1746045637560,130,Post create Pet,200,OK,Pets 1-7,text,true,,492,412,9,9,https://petstore.swagger.io/v2/pet,130,0,0
1746045637574,128,Get pet,200,OK,Pets 1-8,text,true,,492,179,9,9,https://petstore.swagger.io/v2/pet/9223372036854775807,128,0,0
1746045637584,128,Get pet,200,OK,Pets 1-5,text,true,,493,179,9,9,https://petstore.swagger.io/v2/pet/9223372036854775807,128,0,0
1746045637628,130,Post create Pet,200,OK,Pets 1-9,text,true,,494,414,8,8,https://petstore.swagger.io/v2/pet,130,0,0
1746045637650,129,Post create Pet,200,OK,Pets 1-6,text,true,,493,413,8,8,https://petstore.swagger.io/v2/pet,129,0,0
1746045637661,128,Get pet,200,OK,Pets 1-10,text,true,,494,179,8,8,https://petstore.swagger.io/v2/pet/9223372036854775807,128,0,0
1746045637690,129,Get pet,200,OK,Pets 1-7,text,true,,493,179,9,9,https://petstore.swagger.io/v2/pet/9223372036854775807,129,0,0
1746045637300,519,Post create Pet,200,OK,Pets 1-11,text,true,,492,412,9,9,https://petstore.swagger.io/v2/pet,519,0,390
1746045637702,130,Post create Pet,200,OK,Pets 1-8,text,true,,493,413,9,9,https://petstore.swagger.io/v2/pet,129,0,0
1746045637758,130,Get pet,200,OK,Pets 1-9,text,true,,492,179,9,9,https://petstore.swagger.io/v2/pet/9223372036854775807,130,0,0
1746045637780,128,Get pet,200,OK,Pets 1-6,text,true,,493,179,9,9,https://petstore.swagger.io/v2/pet/9223372036854775807,127,0,0
1746045637790,128,Post create Pet,200,OK,Pets 1-10,text,true,,492,412,8,8,https://petstore.swagger.io/v2/pet,128,0,0
1746045637820,129,Get pet,200,OK,Pets 1-11,text,true,,492,179,8,8,https://petstore.swagger.io/v2/pet/9223372036854775807,129,0,0
1746045637820,129,Post create Pet,200,OK,Pets 1-7,text,true,,491,411,8,8,https://petstore.swagger.io/v2/pet,129,0,0
1746045637832,127,Get pet,200,OK,Pets 1-8,text,true,,492,179,8,8,https://petstore.swagger.io/v2/pet/9223372036854775807,127,0,0
1746045637463,509,Post create Pet,200,OK,Pets 1-12,text,true,,492,412,8,8,https://petstore.swagger.io/v2/pet,509,0,382
1746045637888,130,Post create Pet,200,OK,Pets 1-9,text,true,,492,412,9,9,https://petstore.swagger.io/v2/pet,130,0,0
1746045637918,128,Get pet,200,OK,Pets 1-10,text,true,,492,179,9,9,https://petstore.swagger.io/v2/pet/9223372036854775807,128,0,0
1746045637949,129,Get pet,200,OK,Pets 1-7,text,true,,492,179,9,9,https://petstore.swagger.io/v2/pet/9223372036854775807,129,0,0
1746045637949,129,Post create Pet,200,OK,Pets 1-11,text,true,,492,412,9,9,https://petstore.swagger.io/v2/pet,129,0,0
1746045637960,127,Post create Pet,200,OK,Pets 1-8,text,true,,494,414,8,8,https://petstore.swagger.io/v2/pet,127,0,0
1746045637973,128,Get pet,200,OK,Pets 1-12,text,true,,492,179,8,8,https://petstore.swagger.io/v2/pet/9223372036854775807,128,0,0
1746045638019,132,Get pet,200,OK,Pets 1-9,text,true,,492,179,9,9,https://petstore.swagger.io/v2/pet/9223372036854775807,132,0,0
1746045637633,518,Post create Pet,200,OK,Pets 1-13,text,true,,491,411,9,9,https://petstore.swagger.io/v2/pet,518,0,388
1746045638047,129,Post create Pet,200,OK,Pets 1-10,text,true,,493,413,9,9,https://petstore.swagger.io/v2/pet,129,0,0
1746045638079,130,Get pet,200,OK,Pets 1-11,text,true,,494,179,9,9,https://petstore.swagger.io/v2/pet/9223372036854775807,130,0,0
1746045638088,128,Get pet,200,OK,Pets 1-8,text,true,,494,179,9,9,https://petstore.swagger.io/v2/pet/9223372036854775807,128,0,0
1746045638101,128,Post create Pet,200,OK,Pets 1-12,text,true,,493,413,8,8,https://petstore.swagger.io/v2/pet,127,0,0
1746045638151,130,Get pet,200,OK,Pets 1-13,text,true,,493,179,8,8,https://petstore.swagger.io/v2/pet/9223372036854775807,130,0,0
1746045638151,130,Post create Pet,200,OK,Pets 1-9,text,true,,493,413,8,8,https://petstore.swagger.io/v2/pet,130,0,0
1746045638177,127,Get pet,200,OK,Pets 1-10,text,true,,493,179,8,8,https://petstore.swagger.io/v2/pet/9223372036854775807,127,0,0
1746045637814,512,Post create Pet,200,OK,Pets 1-14,text,true,,493,413,9,9,https://petstore.swagger.io/v2/pet,512,0,385
1746045638209,130,Post create Pet,200,OK,Pets 1-11,text,true,,491,411,9,9,https://petstore.swagger.io/v2/pet,130,0,0
1746045638229,128,Get pet,200,OK,Pets 1-12,text,true,,493,179,9,9,https://petstore.swagger.io/v2/pet/9223372036854775807,128,0,0
1746045638281,129,Get pet,200,OK,Pets 1-9,text,true,,492,179,9,9,https://petstore.swagger.io/v2/pet/9223372036854775807,129,0,0
1746045638281,129,Post create Pet,200,OK,Pets 1-13,text,true,,492,412,9,9,https://petstore.swagger.io/v2/pet,129,0,0
1746045638305,127,Post create Pet,200,OK,Pets 1-10,text,true,,492,412,8,8,https://petstore.swagger.io/v2/pet,127,0,0
1746045638327,128,Get pet,200,OK,Pets 1-14,text,true,,493,179,8,8,https://petstore.swagger.io/v2/pet/9223372036854775807,128,0,0
1746045638340,130,Get pet,200,OK,Pets 1-11,text,true,,492,179,8,8,https://petstore.swagger.io/v2/pet/9223372036854775807,130,0,0
1746045638357,128,Post create Pet,200,OK,Pets 1-12,text,true,,491,411,9,9,https://petstore.swagger.io/v2/pet,128,0,0
1746045637980,517,Post create Pet,200,OK,Pets 1-15,text,true,,491,411,9,9,https://petstore.swagger.io/v2/pet,517,0,389
1746045638411,130,Get pet,200,OK,Pets 1-13,text,true,,497,179,9,9,https://petstore.swagger.io/v2/pet/9223372036854775807,130,0,0
1746045638433,129,Get pet,200,OK,Pets 1-10,text,true,,497,179,9,9,https://petstore.swagger.io/v2/pet/9223372036854775807,129,0,0
1746045638455,128,Post create Pet,200,OK,Pets 1-14,text,true,,493,413,8,8,https://petstore.swagger.io/v2/pet,128,0,0
1746045638471,130,Post create Pet,200,OK,Pets 1-11,text,true,,493,413,8,8,https://petstore.swagger.io/v2/pet,130,0,0
1746045638486,127,Get pet,200,OK,Pets 1-12,text,true,,493,179,8,8,https://petstore.swagger.io/v2/pet/9223372036854775807,127,0,0
1746045638498,129,Get pet,200,OK,Pets 1-15,text,true,,493,179,8,8,https://petstore.swagger.io/v2/pet/9223372036854775807,129,0,0
1746045638146,515,Post create Pet,200,OK,Pets 1-16,text,true,,492,412,9,9,https://petstore.swagger.io/v2/pet,515,0,388
1746045638541,130,Post create Pet,200,OK,Pets 1-13,text,true,,493,413,9,9,https://petstore.swagger.io/v2/pet,130,0,0
1746045638583,130,Get pet,200,OK,Pets 1-14,text,true,,492,179,9,9,https://petstore.swagger.io/v2/pet/9223372036854775807,130,0,0
1746045638601,130,Get pet,200,OK,Pets 1-11,text,true,,493,179,9,9,https://petstore.swagger.io/v2/pet/9223372036854775807,130,0,0
1746045638613,127,Post create Pet,200,OK,Pets 1-12,text,true,,491,411,8,8,https://petstore.swagger.io/v2/pet,127,0,0
1746045638628,130,Post create Pet,200,OK,Pets 1-15,text,true,,492,412,8,8,https://petstore.swagger.io/v2/pet,130,0,0
1746045638661,128,Get pet,200,OK,Pets 1-16,text,true,,492,179,8,8,https://petstore.swagger.io/v2/pet/9223372036854775807,128,0,0
1746045638672,128,Get pet,200,OK,Pets 1-13,text,true,,492,179,8,8,https://petstore.swagger.io/v2/pet/9223372036854775807,128,0,0
1746045638313,517,Post create Pet,200,OK,Pets 1-17,text,true,,494,414,9,9,https://petstore.swagger.io/v2/pet,517,0,388
1746045638714,128,Post create Pet,200,OK,Pets 1-14,text,true,,494,414,9,9,https://petstore.swagger.io/v2/pet,128,0,0
1746045638740,127,Get pet,200,OK,Pets 1-12,text,true,,492,179,9,9,https://petstore.swagger.io/v2/pet/9223372036854775807,127,0,0
1746045638758,130,Get pet,200,OK,Pets 1-15,text,true,,492,179,8,8,https://petstore.swagger.io/v2/pet/9223372036854775807,130,0,0
1746045638789,129,Post create Pet,200,OK,Pets 1-16,text,true,,491,411,8,8,https://petstore.swagger.io/v2/pet,128,0,0
1746045638801,128,Post create Pet,200,OK,Pets 1-13,text,true,,493,413,8,8,https://petstore.swagger.io/v2/pet,128,0,0
1746045638831,131,Get pet,200,OK,Pets 1-17,text,true,,492,179,9,9,https://petstore.swagger.io/v2/pet/9223372036854775807,131,0,0
1746045638842,128,Get pet,200,OK,Pets 1-14,text,true,,492,179,9,9,https://petstore.swagger.io/v2/pet/9223372036854775807,128,0,0
1746045638482,510,Post create Pet,200,OK,Pets 1-18,text,true,,492,412,9,9,https://petstore.swagger.io/v2/pet,510,0,383
1746045638889,129,Post create Pet,200,OK,Pets 1-15,text,true,,492,412,9,9,https://petstore.swagger.io/v2/pet,129,0,0
1746045638918,128,Get pet,200,OK,Pets 1-16,text,true,,492,179,9,9,https://petstore.swagger.io/v2/pet/9223372036854775807,128,0,0
1746045638929,130,Get pet,200,OK,Pets 1-13,text,true,,492,179,9,9,https://petstore.swagger.io/v2/pet/9223372036854775807,129,0,0
1746045638962,129,Post create Pet,200,OK,Pets 1-17,text,true,,491,411,8,8,https://petstore.swagger.io/v2/pet,129,0,0
1746045638971,128,Post create Pet,200,OK,Pets 1-14,text,true,,492,412,8,8,https://petstore.swagger.io/v2/pet,128,0,0
1746045638992,128,Get pet,200,OK,Pets 1-18,text,true,,491,179,8,8,https://petstore.swagger.io/v2/pet/9223372036854775807,128,0,0
1746045639019,131,Get pet,200,OK,Pets 1-15,text,true,,492,179,9,9,https://petstore.swagger.io/v2/pet/9223372036854775807,131,0,0
1746045638641,513,Post create Pet,200,OK,Pets 1-19,text,true,,492,412,9,9,https://petstore.swagger.io/v2/pet,513,0,386
1746045639046,128,Post create Pet,200,OK,Pets 1-16,text,true,,492,412,9,9,https://petstore.swagger.io/v2/pet,128,0,0
1746045639092,131,Get pet,200,OK,Pets 1-17,text,true,,492,179,9,9,https://petstore.swagger.io/v2/pet/9223372036854775807,131,0,0
1746045639100,129,Get pet,200,OK,Pets 1-14,text,true,,492,179,9,9,https://petstore.swagger.io/v2/pet/9223372036854775807,128,0,0
1746045639120,130,Post create Pet,200,OK,Pets 1-18,text,true,,494,414,8,8,https://petstore.swagger.io/v2/pet,130,0,0
1746045639151,132,Post create Pet,200,OK,Pets 1-15,text,true,,493,413,8,8,https://petstore.swagger.io/v2/pet,132,0,0
1746045639155,130,Get pet,200,OK,Pets 1-19,text,true,,493,179,8,8,https://petstore.swagger.io/v2/pet/9223372036854775807,130,0,0
1746045639174,133,Get pet,200,OK,Pets 1-16,text,true,,493,179,9,9,https://petstore.swagger.io/v2/pet/9223372036854775807,133,0,0
1746045638809,510,Post create Pet,200,OK,Pets 1-20,text,true,,493,413,9,9,https://petstore.swagger.io/v2/pet,510,0,383
1746045639224,130,Post create Pet,200,OK,Pets 1-17,text,true,,493,413,9,9,https://petstore.swagger.io/v2/pet,130,0,0
1746045639251,133,Get pet,200,OK,Pets 1-18,text,true,,493,179,9,9,https://petstore.swagger.io/v2/pet/9223372036854775807,132,0,0
1746045639283,133,Get pet,200,OK,Pets 1-15,text,true,,493,179,9,9,https://petstore.swagger.io/v2/pet/9223372036854775807,133,0,0
1746045639286,130,Post create Pet,200,OK,Pets 1-19,text,true,,492,412,9,9,https://petstore.swagger.io/v2/pet,130,0,0
1746045639308,131,Post create Pet,200,OK,Pets 1-16,text,true,,491,411,8,8,https://petstore.swagger.io/v2/pet,131,0,0
1746045639319,131,Get pet,200,OK,Pets 1-20,text,true,,493,179,8,8,https://petstore.swagger.io/v2/pet/9223372036854775807,131,0,0
1746045638955,516,Post create Pet,200,OK,Pets 1-21,text,true,,493,413,9,9,https://petstore.swagger.io/v2/pet,516,0,387
1746045639354,130,Get pet,200,OK,Pets 1-17,text,true,,493,179,9,9,https://petstore.swagger.io/v2/pet/9223372036854775807,130,0,0
1746045639384,128,Post create Pet,200,OK,Pets 1-18,text,true,,492,412,9,9,https://petstore.swagger.io/v2/pet,128,0,0
1746045639416,127,Get pet,200,OK,Pets 1-19,text,true,,507,179,9,9,https://petstore.swagger.io/v2/pet/9223372036854775807,127,0,0
1746045639439,128,Get pet,200,OK,Pets 1-16,text,true,,492,179,9,9,https://petstore.swagger.io/v2/pet/9223372036854775807,128,0,0
1746045639451,127,Post create Pet,200,OK,Pets 1-20,text,true,,492,412,8,8,https://petstore.swagger.io/v2/pet,127,0,0
1746045639471,128,Get pet,200,OK,Pets 1-21,text,true,,492,179,8,8,https://petstore.swagger.io/v2/pet/9223372036854775807,128,0,0
1746045639485,130,Post create Pet,200,OK,Pets 1-17,text,true,,491,411,8,8,https://petstore.swagger.io/v2/pet,130,0,0
1746045639512,126,Get pet,200,OK,Pets 1-18,text,true,,491,179,9,9,https://petstore.swagger.io/v2/pet/9223372036854775807,126,0,0
1746045639135,528,Post create Pet,200,OK,Pets 1-22,text,true,,491,411,9,9,https://petstore.swagger.io/v2/pet,528,0,397
1746045639544,129,Post create Pet,200,OK,Pets 1-19,text,true,,493,413,9,9,https://petstore.swagger.io/v2/pet,129,0,0
1746045639579,127,Get pet,200,OK,Pets 1-20,text,true,,491,179,9,9,https://petstore.swagger.io/v2/pet/9223372036854775807,127,0,0
1746045639599,129,Post create Pet,200,OK,Pets 1-21,text,true,,493,413,9,9,https://petstore.swagger.io/v2/pet,129,0,0
1746045639615,129,Get pet,200,OK,Pets 1-17,text,true,,491,179,9,9,https://petstore.swagger.io/v2/pet/9223372036854775807,129,0,0
1746045639639,127,Post create Pet,200,OK,Pets 1-18,text,true,,493,413,8,8,https://petstore.swagger.io/v2/pet,127,0,0
1746045639663,137,Get pet,200,OK,Pets 1-22,text,true,,493,179,9,9,https://petstore.swagger.io/v2/pet/9223372036854775807,131,0,0
1746045639673,128,Get pet,200,OK,Pets 1-19,text,true,,493,179,9,9,https://petstore.swagger.io/v2/pet/9223372036854775807,128,0,0
1746045639303,517,Post create Pet,200,OK,Pets 1-23,text,true,,493,413,9,9,https://petstore.swagger.io/v2/pet,517,0,388
1746045639706,129,Post create Pet,200,OK,Pets 1-20,text,true,,491,411,9,9,https://petstore.swagger.io/v2/pet,129,0,0
1746045639728,128,Get pet,200,OK,Pets 1-21,text,true,,493,179,9,9,https://petstore.swagger.io/v2/pet/9223372036854775807,128,0,0
1746045639767,127,Get pet,200,OK,Pets 1-18,text,true,,491,179,9,9,https://petstore.swagger.io/v2/pet/9223372036854775807,127,0,0
1746045639801,128,Post create Pet,200,OK,Pets 1-19,text,true,,494,414,9,9,https://petstore.swagger.io/v2/pet,128,0,0
1746045639800,130,Post create Pet,200,OK,Pets 1-22,text,true,,492,412,9,9,https://petstore.swagger.io/v2/pet,130,0,0
1746045639820,130,Get pet,200,OK,Pets 1-23,text,true,,491,179,9,9,https://petstore.swagger.io/v2/pet/9223372036854775807,130,0,0
1746045639836,127,Get pet,200,OK,Pets 1-20,text,true,,491,179,9,9,https://petstore.swagger.io/v2/pet/9223372036854775807,127,0,0
1746045639856,131,Post create Pet,200,OK,Pets 1-21,text,true,,491,411,9,9,https://petstore.swagger.io/v2/pet,131,0,0
1746045639468,519,Post create Pet,200,OK,Pets 1-24,text,true,,494,414,9,9,https://petstore.swagger.io/v2/pet,519,0,389
1746045639930,128,Get pet,200,OK,Pets 1-19,text,true,,491,179,9,9,https://petstore.swagger.io/v2/pet/9223372036854775807,128,0,0
1746045639931,128,Get pet,200,OK,Pets 1-22,text,true,,494,179,8,8,https://petstore.swagger.io/v2/pet/9223372036854775807,128,0,0
1746045639951,129,Post create Pet,200,OK,Pets 1-23,text,true,,493,413,8,8,https://petstore.swagger.io/v2/pet,129,0,0
1746045639964,128,Post create Pet,200,OK,Pets 1-20,text,true,,492,412,9,9,https://petstore.swagger.io/v2/pet,128,0,0
1746045639987,129,Get pet,200,OK,Pets 1-21,text,true,,493,179,9,9,https://petstore.swagger.io/v2/pet/9223372036854775807,129,0,0
1746045639988,129,Get pet,200,OK,Pets 1-24,text,true,,492,179,9,9,https://petstore.swagger.io/v2/pet/9223372036854775807,129,0,0
1746045639620,517,Post create Pet,200,OK,Pets 1-25,text,true,,492,412,9,9,https://petstore.swagger.io/v2/pet,517,0,388
1746045640059,139,Post create Pet,200,OK,Pets 1-22,text,true,,493,413,9,9,https://petstore.swagger.io/v2/pet,138,0,0
1746045640080,130,Get pet,200,OK,Pets 1-23,text,true,,492,179,9,9,https://petstore.swagger.io/v2/pet/9223372036854775807,130,0,0
1746045640093,128,Get pet,200,OK,Pets 1-20,text,true,,492,179,9,9,https://petstore.swagger.io/v2/pet/9223372036854775807,128,0,0
1746045640117,129,Post create Pet,200,OK,Pets 1-21,text,true,,492,412,8,8,https://petstore.swagger.io/v2/pet,129,0,0
1746045640117,129,Post create Pet,200,OK,Pets 1-24,text,true,,492,412,8,8,https://petstore.swagger.io/v2/pet,129,0,0
1746045640137,130,Get pet,200,OK,Pets 1-25,text,true,,492,179,9,9,https://petstore.swagger.io/v2/pet/9223372036854775807,130,0,0
1746045639783,513,Post create Pet,200,OK,Pets 1-26,text,true,,492,412,9,9,https://petstore.swagger.io/v2/pet,513,0,385
1746045640198,128,Get pet,200,OK,Pets 1-22,text,true,,492,179,9,9,https://petstore.swagger.io/v2/pet/9223372036854775807,128,0,0
1746045640210,129,Post create Pet,200,OK,Pets 1-23,text,true,,494,414,9,9,https://petstore.swagger.io/v2/pet,129,0,0
1746045640246,128,Get pet,200,OK,Pets 1-21,text,true,,494,179,9,9,https://petstore.swagger.io/v2/pet/9223372036854775807,128,0,0
1746045640246,129,Get pet,200,OK,Pets 1-24,text,true,,492,179,8,8,https://petstore.swagger.io/v2/pet/9223372036854775807,129,0,0
1746045640267,129,Post create Pet,200,OK,Pets 1-25,text,true,,493,413,8,8,https://petstore.swagger.io/v2/pet,129,0,0
1746045640296,129,Get pet,200,OK,Pets 1-26,text,true,,493,179,8,8,https://petstore.swagger.io/v2/pet/9223372036854775807,129,0,0
1746045639921,512,Post create Pet,200,OK,Pets 1-27,text,true,,493,413,8,8,https://petstore.swagger.io/v2/pet,511,0,384
1746045640327,129,Post create Pet,200,OK,Pets 1-22,text,true,,493,413,9,9,https://petstore.swagger.io/v2/pet,129,0,0
1746045640340,130,Get pet,200,OK,Pets 1-23,text,true,,493,179,9,9,https://petstore.swagger.io/v2/pet/9223372036854775807,130,0,0
1746045640377,131,Post create Pet,200,OK,Pets 1-24,text,true,,492,412,9,9,https://petstore.swagger.io/v2/pet,131,0,0
1746045640397,129,Get pet,200,OK,Pets 1-25,text,true,,492,179,9,9,https://petstore.swagger.io/v2/pet/9223372036854775807,129,0,0
1746045640425,129,Post create Pet,200,OK,Pets 1-26,text,true,,493,413,9,9,https://petstore.swagger.io/v2/pet,129,0,0
1746045640433,129,Get pet,200,OK,Pets 1-27,text,true,,493,179,9,9,https://petstore.swagger.io/v2/pet/9223372036854775807,129,0,0
1746045640457,128,Get pet,200,OK,Pets 1-22,text,true,,493,179,9,9,https://petstore.swagger.io/v2/pet/9223372036854775807,128,0,0
1746045640471,129,Post create Pet,200,OK,Pets 1-23,text,true,,492,412,8,8,https://petstore.swagger.io/v2/pet,129,0,0
1746045640088,512,Post create Pet,200,OK,Pets 1-28,text,true,,491,411,8,8,https://petstore.swagger.io/v2/pet,512,0,385
1746045640508,130,Get pet,200,OK,Pets 1-24,text,true,,491,179,9,9,https://petstore.swagger.io/v2/pet/9223372036854775807,130,0,0
1746045640526,130,Post create Pet,200,OK,Pets 1-25,text,true,,492,412,9,9,https://petstore.swagger.io/v2/pet,129,0,0
1746045640554,131,Get pet,200,OK,Pets 1-26,text,true,,491,179,9,9,https://petstore.swagger.io/v2/pet/9223372036854775807,131,0,0
1746045640562,129,Post create Pet,200,OK,Pets 1-27,text,true,,494,414,9,9,https://petstore.swagger.io/v2/pet,129,0,0
1746045640601,127,Get pet,200,OK,Pets 1-28,text,true,,491,179,9,9,https://petstore.swagger.io/v2/pet/9223372036854775807,127,0,0
1746045640601,128,Get pet,200,OK,Pets 1-23,text,true,,491,179,9,9,https://petstore.swagger.io/v2/pet/9223372036854775807,128,0,0
1746045640638,130,Post create Pet,200,OK,Pets 1-24,text,true,,493,413,9,9,https://petstore.swagger.io/v2/pet,130,0,0
1746045640267,516,Post create Pet,200,OK,Pets 1-29,text,true,,491,411,9,9,https://petstore.swagger.io/v2/pet,516,0,385
1746045640656,129,Get pet,200,OK,Pets 1-25,text,true,,493,179,9,9,https://petstore.swagger.io/v2/pet/9223372036854775807,129,0,0
1746045640686,129,Post create Pet,200,OK,Pets 1-26,text,true,,493,413,9,9,https://petstore.swagger.io/v2/pet,129,0,0
1746045640691,127,Get pet,200,OK,Pets 1-27,text,true,,493,179,9,9,https://petstore.swagger.io/v2/pet/9223372036854775807,127,0,0
1746045640729,129,Post create Pet,200,OK,Pets 1-28,text,true,,492,412,9,9,https://petstore.swagger.io/v2/pet,129,0,0
1746045640769,128,Get pet,200,OK,Pets 1-24,text,true,,493,179,9,9,https://petstore.swagger.io/v2/pet/9223372036854775807,128,0,0
1746045640783,127,Get pet,200,OK,Pets 1-29,text,true,,493,179,8,8,https://petstore.swagger.io/v2/pet/9223372036854775807,127,0,0
1746045640786,128,Post create Pet,200,OK,Pets 1-25,text,true,,491,411,8,8,https://petstore.swagger.io/v2/pet,128,0,0
1746045640815,128,Get pet,200,OK,Pets 1-26,text,true,,493,179,9,9,https://petstore.swagger.io/v2/pet/9223372036854775807,128,0,0
1746045640436,509,Post create Pet,200,OK,Pets 1-30,text,true,,491,411,9,9,https://petstore.swagger.io/v2/pet,509,0,382
1746045640818,129,Post create Pet,200,OK,Pets 1-27,text,true,,492,412,9,9,https://petstore.swagger.io/v2/pet,129,0,0
1746045640859,127,Get pet,200,OK,Pets 1-28,text,true,,493,179,9,9,https://petstore.swagger.io/v2/pet/9223372036854775807,127,0,0
1746045640911,128,Post create Pet,200,OK,Pets 1-29,text,true,,492,412,9,9,https://petstore.swagger.io/v2/pet,128,0,0
1746045640914,130,Get pet,200,OK,Pets 1-25,text,true,,493,179,9,9,https://petstore.swagger.io/v2/pet/9223372036854775807,130,0,0
1746045640945,128,Get pet,200,OK,Pets 1-30,text,true,,492,179,8,8,https://petstore.swagger.io/v2/pet/9223372036854775807,128,0,0
1746045640944,129,Post create Pet,200,OK,Pets 1-26,text,true,,491,411,8,8,https://petstore.swagger.io/v2/pet,129,0,0
1746045640947,127,Get pet,200,OK,Pets 1-27,text,true,,491,179,8,8,https://petstore.swagger.io/v2/pet/9223372036854775807,127,0,0
1746045640604,511,Post create Pet,200,OK,Pets 1-31,text,true,,491,411,9,9,https://petstore.swagger.io/v2/pet,511,0,383
1746045640986,129,Post create Pet,200,OK,Pets 1-28,text,true,,493,413,9,9,https://petstore.swagger.io/v2/pet,129,0,0
1746045641039,128,Get pet,200,OK,Pets 1-29,text,true,,491,179,9,9,https://petstore.swagger.io/v2/pet/9223372036854775807,128,0,0
1746045641074,128,Get pet,200,OK,Pets 1-26,text,true,,493,179,9,9,https://petstore.swagger.io/v2/pet/9223372036854775807,128,0,0
1746045641075,127,Post create Pet,200,OK,Pets 1-27,text,true,,492,412,9,9,https://petstore.swagger.io/v2/pet,127,0,0
1746045641074,128,Post create Pet,200,OK,Pets 1-30,text,true,,493,413,9,9,https://petstore.swagger.io/v2/pet,128,0,0
1746045641116,128,Get pet,200,OK,Pets 1-28,text,true,,492,179,8,8,https://petstore.swagger.io/v2/pet/9223372036854775807,128,0,0
1746045641116,129,Get pet,200,OK,Pets 1-31,text,true,,493,179,8,8,https://petstore.swagger.io/v2/pet/9223372036854775807,128,0,0
1746045640757,512,Post create Pet,200,OK,Pets 1-32,text,true,,493,413,9,9,https://petstore.swagger.io/v2/pet,512,0,384
1746045641168,128,Post create Pet,200,OK,Pets 1-29,text,true,,491,411,9,9,https://petstore.swagger.io/v2/pet,128,0,0
1746045641202,136,Get pet,200,OK,Pets 1-27,text,true,,491,179,9,9,https://petstore.swagger.io/v2/pet/9223372036854775807,136,0,0
1746045641202,136,Get pet,200,OK,Pets 1-30,text,true,,491,179,9,9,https://petstore.swagger.io/v2/pet/9223372036854775807,136,0,0
1746045641245,127,Post create Pet,200,OK,Pets 1-31,text,true,,492,412,8,8,https://petstore.swagger.io/v2/pet,127,0,0
1746045641244,128,Post create Pet,200,OK,Pets 1-28,text,true,,492,412,8,8,https://petstore.swagger.io/v2/pet,128,0,0
1746045641269,128,Get pet,200,OK,Pets 1-32,text,true,,492,179,8,8,https://petstore.swagger.io/v2/pet/9223372036854775807,128,0,0
1746045641296,129,Get pet,200,OK,Pets 1-29,text,true,,491,179,9,9,https://petstore.swagger.io/v2/pet/9223372036854775807,129,0,0
1746045640920,511,Post create Pet,200,OK,Pets 1-33,text,true,,494,414,9,9,https://petstore.swagger.io/v2/pet,511,0,384
1746045641338,127,Post create Pet,200,OK,Pets 1-30,text,true,,491,411,9,9,https://petstore.swagger.io/v2/pet,127,0,0
1746045641372,135,Get pet,200,OK,Pets 1-28,text,true,,491,179,9,9,https://petstore.swagger.io/v2/pet/9223372036854775807,135,0,0
1746045641372,135,Get pet,200,OK,Pets 1-31,text,true,,491,179,9,9,https://petstore.swagger.io/v2/pet/9223372036854775807,135,0,0
1746045641397,128,Post create Pet,200,OK,Pets 1-32,text,true,,493,413,8,8,https://petstore.swagger.io/v2/pet,128,0,0
1746045641426,128,Post create Pet,200,OK,Pets 1-29,text,true,,492,412,8,8,https://petstore.swagger.io/v2/pet,128,0,0
1746045641432,128,Get pet,200,OK,Pets 1-33,text,true,,492,179,8,8,https://petstore.swagger.io/v2/pet/9223372036854775807,128,0,0
1746045641466,128,Get pet,200,OK,Pets 1-30,text,true,,493,179,9,9,https://petstore.swagger.io/v2/pet/9223372036854775807,128,0,0
1746045641105,516,Post create Pet,200,OK,Pets 1-34,text,true,,493,413,9,9,https://petstore.swagger.io/v2/pet,516,0,387
1746045641508,128,Post create Pet,200,OK,Pets 1-31,text,true,,493,413,9,9,https://petstore.swagger.io/v2/pet,128,0,0
1746045641525,128,Get pet,200,OK,Pets 1-32,text,true,,493,179,9,9,https://petstore.swagger.io/v2/pet/9223372036854775807,128,0,0
1746045641554,128,Get pet,200,OK,Pets 1-29,text,true,,493,179,9,9,https://petstore.swagger.io/v2/pet/9223372036854775807,128,0,0
1746045641561,127,Post create Pet,200,OK,Pets 1-33,text,true,,491,411,8,8,https://petstore.swagger.io/v2/pet,127,0,0
1746045641594,129,Post create Pet,200,OK,Pets 1-30,text,true,,492,412,8,8,https://petstore.swagger.io/v2/pet,129,0,0
1746045641622,128,Get pet,200,OK,Pets 1-34,text,true,,492,179,8,8,https://petstore.swagger.io/v2/pet/9223372036854775807,128,0,0
1746045641636,133,Get pet,200,OK,Pets 1-31,text,true,,493,179,8,8,https://petstore.swagger.io/v2/pet/9223372036854775807,133,0,0
1746045641263,509,Post create Pet,200,OK,Pets 1-35,text,true,,494,414,9,9,https://petstore.swagger.io/v2/pet,509,0,383
1746045641653,128,Post create Pet,200,OK,Pets 1-32,text,true,,494,414,9,9,https://petstore.swagger.io/v2/pet,128,0,0
1746045641689,128,Get pet,200,OK,Pets 1-33,text,true,,494,179,9,9,https://petstore.swagger.io/v2/pet/9223372036854775807,127,0,0
1746045641723,128,Get pet,200,OK,Pets 1-30,text,true,,494,179,9,9,https://petstore.swagger.io/v2/pet/9223372036854775807,128,0,0
1746045641751,130,Post create Pet,200,OK,Pets 1-34,text,true,,491,411,8,8,https://petstore.swagger.io/v2/pet,130,0,0
1746045641769,129,Post create Pet,200,OK,Pets 1-31,text,true,,493,413,8,8,https://petstore.swagger.io/v2/pet,129,0,0
1746045641773,127,Get pet,200,OK,Pets 1-35,text,true,,493,179,8,8,https://petstore.swagger.io/v2/pet/9223372036854775807,127,0,0
1746045641782,129,Get pet,200,OK,Pets 1-32,text,true,,491,179,8,8,https://petstore.swagger.io/v2/pet/9223372036854775807,129,0,0
1746045641419,517,Post create Pet,200,OK,Pets 1-36,text,true,,493,413,9,9,https://petstore.swagger.io/v2/pet,517,0,388
1746045641817,128,Post create Pet,200,OK,Pets 1-33,text,true,,492,412,9,9,https://petstore.swagger.io/v2/pet,128,0,0
1746045641882,129,Get pet,200,OK,Pets 1-34,text,true,,492,179,9,9,https://petstore.swagger.io/v2/pet/9223372036854775807,129,0,0
1746045641898,129,Get pet,200,OK,Pets 1-31,text,true,,491,179,9,9,https://petstore.swagger.io/v2/pet/9223372036854775807,128,0,0
1746045641900,130,Post create Pet,200,OK,Pets 1-35,text,true,,493,413,8,8,https://petstore.swagger.io/v2/pet,129,0,0
1746045641911,128,Post create Pet,200,OK,Pets 1-32,text,true,,491,411,8,8,https://petstore.swagger.io/v2/pet,128,0,0
1746045641937,130,Get pet,200,OK,Pets 1-36,text,true,,493,179,8,8,https://petstore.swagger.io/v2/pet/9223372036854775807,130,0,0
1746045641945,129,Get pet,200,OK,Pets 1-33,text,true,,493,179,8,8,https://petstore.swagger.io/v2/pet/9223372036854775807,128,0,0
1746045641585,510,Post create Pet,200,OK,Pets 1-37,text,true,,492,412,8,8,https://petstore.swagger.io/v2/pet,510,0,383
1746045642011,129,Post create Pet,200,OK,Pets 1-34,text,true,,492,412,8,8,https://petstore.swagger.io/v2/pet,129,0,0
1746045642030,127,Get pet,200,OK,Pets 1-35,text,true,,492,179,8,8,https://petstore.swagger.io/v2/pet/9223372036854775807,127,0,0
1746045642039,127,Get pet,200,OK,Pets 1-32,text,true,,492,179,9,9,https://petstore.swagger.io/v2/pet/9223372036854775807,127,0,0
1746045642068,128,Post create Pet,200,OK,Pets 1-36,text,true,,494,414,8,8,https://petstore.swagger.io/v2/pet,128,0,0
1746045642074,129,Post create Pet,200,OK,Pets 1-33,text,true,,491,411,8,8,https://petstore.swagger.io/v2/pet,128,0,0
1746045642095,127,Get pet,200,OK,Pets 1-37,text,true,,491,179,8,8,https://petstore.swagger.io/v2/pet/9223372036854775807,127,0,0
1746045642140,131,Get pet,200,OK,Pets 1-34,text,true,,494,179,9,9,https://petstore.swagger.io/v2/pet/9223372036854775807,131,0,0
1746045642158,126,Post create Pet,200,OK,Pets 1-35,text,true,,493,413,9,9,https://petstore.swagger.io/v2/pet,126,0,0
1746045641771,518,Post create Pet,200,OK,Pets 1-38,text,true,,493,413,9,9,https://petstore.swagger.io/v2/pet,518,0,389
1746045642197,130,Get pet,200,OK,Pets 1-36,text,true,,493,179,9,9,https://petstore.swagger.io/v2/pet/9223372036854775807,130,0,0
1746045642203,128,Get pet,200,OK,Pets 1-33,text,true,,493,179,9,9,https://petstore.swagger.io/v2/pet/9223372036854775807,128,0,0
1746045642223,128,Post create Pet,200,OK,Pets 1-37,text,true,,492,412,8,8,https://petstore.swagger.io/v2/pet,128,0,0
1746045642271,130,Post create Pet,200,OK,Pets 1-34,text,true,,491,411,8,8,https://petstore.swagger.io/v2/pet,130,0,0
1746045642285,126,Get pet,200,OK,Pets 1-35,text,true,,492,179,8,8,https://petstore.swagger.io/v2/pet/9223372036854775807,126,0,0
1746045642290,129,Get pet,200,OK,Pets 1-38,text,true,,491,179,8,8,https://petstore.swagger.io/v2/pet/9223372036854775807,129,0,0
1746045641918,513,Post create Pet,200,OK,Pets 1-39,text,true,,492,412,8,8,https://petstore.swagger.io/v2/pet,513,0,386
1746045642328,129,Post create Pet,200,OK,Pets 1-36,text,true,,492,412,9,9,https://petstore.swagger.io/v2/pet,129,0,0
1746045642351,127,Get pet,200,OK,Pets 1-37,text,true,,492,179,9,9,https://petstore.swagger.io/v2/pet/9223372036854775807,127,0,0
1746045642401,130,Get pet,200,OK,Pets 1-34,text,true,,492,179,9,9,https://petstore.swagger.io/v2/pet/9223372036854775807,130,0,0
1746045642411,128,Post create Pet,200,OK,Pets 1-35,text,true,,492,412,8,8,https://petstore.swagger.io/v2/pet,128,0,0
1746045642420,128,Post create Pet,200,OK,Pets 1-38,text,true,,494,414,8,8,https://petstore.swagger.io/v2/pet,128,0,0
1746045642432,128,Get pet,200,OK,Pets 1-39,text,true,,492,179,8,8,https://petstore.swagger.io/v2/pet/9223372036854775807,128,0,0
1746045642457,128,Get pet,200,OK,Pets 1-36,text,true,,492,179,8,8,https://petstore.swagger.io/v2/pet/9223372036854775807,128,0,0
1746045642478,128,Post create Pet,200,OK,Pets 1-37,text,true,,493,413,9,9,https://petstore.swagger.io/v2/pet,128,0,0
1746045642540,126,Get pet,200,OK,Pets 1-35,text,true,,492,179,9,9,https://petstore.swagger.io/v2/pet/9223372036854775807,126,0,0
1746045642161,516,Post create Pet,200,OK,Pets 1-40,text,true,,493,413,8,8,https://petstore.swagger.io/v2/pet,516,0,388
1746045642549,128,Get pet,200,OK,Pets 1-38,text,true,,492,179,8,8,https://petstore.swagger.io/v2/pet/9223372036854775807,128,0,0
1746045642560,130,Post create Pet,200,OK,Pets 1-39,text,true,,493,413,8,8,https://petstore.swagger.io/v2/pet,130,0,0
1746045642586,130,Post create Pet,200,OK,Pets 1-36,text,true,,492,412,8,8,https://petstore.swagger.io/v2/pet,130,0,0
1746045642607,128,Get pet,200,OK,Pets 1-37,text,true,,493,179,8,8,https://petstore.swagger.io/v2/pet/9223372036854775807,127,0,0
1746045642269,519,Post create Pet,200,OK,Pets 1-41,text,true,,493,413,9,9,https://petstore.swagger.io/v2/pet,519,0,389
1746045642677,129,Get pet,200,OK,Pets 1-40,text,true,,493,179,9,9,https://petstore.swagger.io/v2/pet/9223372036854775807,129,0,0
1746045642678,129,Post create Pet,200,OK,Pets 1-38,text,true,,491,411,9,9,https://petstore.swagger.io/v2/pet,129,0,0
1746045642690,129,Get pet,200,OK,Pets 1-39,text,true,,492,179,9,9,https://petstore.swagger.io/v2/pet/9223372036854775807,129,0,0
1746045642717,129,Get pet,200,OK,Pets 1-36,text,true,,492,179,9,9,https://petstore.swagger.io/v2/pet/9223372036854775807,129,0,0
1746045642735,128,Post create Pet,200,OK,Pets 1-37,text,true,,492,412,8,8,https://petstore.swagger.io/v2/pet,127,0,0
1746045642789,129,Get pet,200,OK,Pets 1-41,text,true,,492,179,8,8,https://petstore.swagger.io/v2/pet/9223372036854775807,129,0,0
1746045642806,130,Post create Pet,200,OK,Pets 1-40,text,true,,494,414,9,9,https://petstore.swagger.io/v2/pet,130,0,0
1746045642807,130,Get pet,200,OK,Pets 1-38,text,true,,494,179,9,9,https://petstore.swagger.io/v2/pet/9223372036854775807,130,0,0
1746045642438,510,Post create Pet,200,OK,Pets 1-42,text,true,,491,411,9,9,https://petstore.swagger.io/v2/pet,510,0,383
1746045642819,129,Post create Pet,200,OK,Pets 1-39,text,true,,491,411,9,9,https://petstore.swagger.io/v2/pet,129,0,0
1746045642863,128,Get pet,200,OK,Pets 1-37,text,true,,491,179,9,9,https://petstore.swagger.io/v2/pet/9223372036854775807,128,0,0
1746045642918,128,Post create Pet,200,OK,Pets 1-41,text,true,,493,413,8,8,https://petstore.swagger.io/v2/pet,128,0,0
1746045642936,129,Get pet,200,OK,Pets 1-40,text,true,,493,179,8,8,https://petstore.swagger.io/v2/pet/9223372036854775807,129,0,0
1746045642938,129,Post create Pet,200,OK,Pets 1-38,text,true,,492,412,8,8,https://petstore.swagger.io/v2/pet,128,0,0
1746045642948,127,Get pet,200,OK,Pets 1-42,text,true,,491,179,8,8,https://petstore.swagger.io/v2/pet/9223372036854775807,127,0,0
1746045642948,128,Get pet,200,OK,Pets 1-39,text,true,,491,179,8,8,https://petstore.swagger.io/v2/pet/9223372036854775807,128,0,0
1746045642587,508,Post create Pet,200,OK,Pets 1-43,text,true,,493,413,8,8,https://petstore.swagger.io/v2/pet,508,0,380
1746045643047,129,Get pet,200,OK,Pets 1-41,text,true,,492,179,9,9,https://petstore.swagger.io/v2/pet/9223372036854775807,128,0,0
1746045643067,129,Get pet,200,OK,Pets 1-38,text,true,,492,179,9,9,https://petstore.swagger.io/v2/pet/9223372036854775807,129,0,0
1746045643066,130,Post create Pet,200,OK,Pets 1-40,text,true,,493,413,9,9,https://petstore.swagger.io/v2/pet,130,0,0
1746045643075,128,Post create Pet,200,OK,Pets 1-42,text,true,,491,411,8,8,https://petstore.swagger.io/v2/pet,128,0,0
1746045643076,128,Post create Pet,200,OK,Pets 1-39,text,true,,492,412,8,8,https://petstore.swagger.io/v2/pet,128,0,0
1746045643095,129,Get pet,200,OK,Pets 1-43,text,true,,492,179,8,8,https://petstore.swagger.io/v2/pet/9223372036854775807,128,0,0
1746045642754,509,Post create Pet,200,OK,Pets 1-44,text,true,,492,412,9,9,https://petstore.swagger.io/v2/pet,509,0,382
1746045643176,130,Post create Pet,200,OK,Pets 1-41,text,true,,494,414,9,9,https://petstore.swagger.io/v2/pet,129,0,0
1746045643196,128,Get pet,200,OK,Pets 1-40,text,true,,494,179,9,9,https://petstore.swagger.io/v2/pet/9223372036854775807,128,0,0
1746045643204,128,Get pet,200,OK,Pets 1-42,text,true,,492,179,9,9,https://petstore.swagger.io/v2/pet/9223372036854775807,128,0,0
1746045643204,129,Get pet,200,OK,Pets 1-39,text,true,,492,179,9,9,https://petstore.swagger.io/v2/pet/9223372036854775807,129,0,0
1746045643224,127,Post create Pet,200,OK,Pets 1-43,text,true,,491,411,8,8,https://petstore.swagger.io/v2/pet,127,0,0
1746045643264,127,Get pet,200,OK,Pets 1-44,text,true,,494,179,8,8,https://petstore.swagger.io/v2/pet/9223372036854775807,127,0,0
1746045642921,507,Post create Pet,200,OK,Pets 1-45,text,true,,493,413,9,9,https://petstore.swagger.io/v2/pet,507,0,380
1746045643306,129,Get pet,200,OK,Pets 1-41,text,true,,493,179,9,9,https://petstore.swagger.io/v2/pet/9223372036854775807,129,0,0
1746045643325,128,Post create Pet,200,OK,Pets 1-40,text,true,,493,413,9,9,https://petstore.swagger.io/v2/pet,128,0,0
1746045643333,127,Post create Pet,200,OK,Pets 1-42,text,true,,492,412,9,9,https://petstore.swagger.io/v2/pet,127,0,0
1746045643351,127,Get pet,200,OK,Pets 1-43,text,true,,492,179,9,9,https://petstore.swagger.io/v2/pet/9223372036854775807,127,0,0
1746045643392,127,Post create Pet,200,OK,Pets 1-44,text,true,,493,413,9,9,https://petstore.swagger.io/v2/pet,127,0,0
1746045643429,128,Get pet,200,OK,Pets 1-45,text,true,,492,179,9,9,https://petstore.swagger.io/v2/pet/9223372036854775807,128,0,0
1746045643435,129,Post create Pet,200,OK,Pets 1-41,text,true,,492,412,9,9,https://petstore.swagger.io/v2/pet,129,0,0
1746045643454,130,Get pet,200,OK,Pets 1-40,text,true,,492,179,9,9,https://petstore.swagger.io/v2/pet/9223372036854775807,129,0,0
1746045643461,128,Get pet,200,OK,Pets 1-42,text,true,,492,179,9,9,https://petstore.swagger.io/v2/pet/9223372036854775807,128,0,0
1746045643478,127,Post create Pet,200,OK,Pets 1-43,text,true,,492,412,9,9,https://petstore.swagger.io/v2/pet,127,0,0
1746045643102,519,Post create Pet,200,OK,Pets 1-46,text,true,,492,412,9,9,https://petstore.swagger.io/v2/pet,519,0,389
1746045643520,134,Get pet,200,OK,Pets 1-44,text,true,,492,179,9,9,https://petstore.swagger.io/v2/pet/9223372036854775807,134,0,0
1746045643557,126,Post create Pet,200,OK,Pets 1-45,text,true,,494,414,9,9,https://petstore.swagger.io/v2/pet,126,0,0
1746045643564,128,Get pet,200,OK,Pets 1-41,text,true,,494,179,9,9,https://petstore.swagger.io/v2/pet/9223372036854775807,128,0,0
1746045643589,127,Post create Pet,200,OK,Pets 1-42,text,true,,493,413,8,8,https://petstore.swagger.io/v2/pet,127,0,0
1746045643605,127,Get pet,200,OK,Pets 1-43,text,true,,492,179,8,8,https://petstore.swagger.io/v2/pet/9223372036854775807,127,0,0
1746045643621,129,Get pet,200,OK,Pets 1-46,text,true,,492,179,8,8,https://petstore.swagger.io/v2/pet/9223372036854775807,129,0,0
1746045643253,512,Post create Pet,200,OK,Pets 1-47,text,true,,493,413,9,9,https://petstore.swagger.io/v2/pet,511,0,385
1746045643654,129,Post create Pet,200,OK,Pets 1-44,text,true,,493,413,9,9,https://petstore.swagger.io/v2/pet,129,0,0
1746045643683,128,Get pet,200,OK,Pets 1-45,text,true,,492,179,9,9,https://petstore.swagger.io/v2/pet/9223372036854775807,128,0,0
1746045643716,129,Get pet,200,OK,Pets 1-42,text,true,,492,179,9,9,https://petstore.swagger.io/v2/pet/9223372036854775807,129,0,0
1746045643733,128,Post create Pet,200,OK,Pets 1-43,text,true,,492,412,8,8,https://petstore.swagger.io/v2/pet,128,0,0
1746045643750,130,Post create Pet,200,OK,Pets 1-46,text,true,,493,413,8,8,https://petstore.swagger.io/v2/pet,130,0,0
1746045643765,127,Get pet,200,OK,Pets 1-47,text,true,,493,179,8,8,https://petstore.swagger.io/v2/pet/9223372036854775807,127,0,0
1746045643783,128,Get pet,200,OK,Pets 1-44,text,true,,492,179,8,8,https://petstore.swagger.io/v2/pet/9223372036854775807,128,0,0
1746045643811,127,Post create Pet,200,OK,Pets 1-45,text,true,,492,412,9,9,https://petstore.swagger.io/v2/pet,127,0,0
1746045643423,518,Post create Pet,200,OK,Pets 1-48,text,true,,491,411,9,9,https://petstore.swagger.io/v2/pet,518,0,388
1746045643861,127,Get pet,200,OK,Pets 1-43,text,true,,491,179,9,9,https://petstore.swagger.io/v2/pet/9223372036854775807,127,0,0
1746045643880,129,Get pet,200,OK,Pets 1-46,text,true,,492,179,8,8,https://petstore.swagger.io/v2/pet/9223372036854775807,129,0,0
1746045643892,127,Post create Pet,200,OK,Pets 1-47,text,true,,492,412,8,8,https://petstore.swagger.io/v2/pet,127,0,0
1746045643911,129,Post create Pet,200,OK,Pets 1-44,text,true,,494,414,8,8,https://petstore.swagger.io/v2/pet,129,0,0
1746045643938,127,Get pet,200,OK,Pets 1-45,text,true,,492,179,8,8,https://petstore.swagger.io/v2/pet/9223372036854775807,127,0,0
1746045643941,130,Get pet,200,OK,Pets 1-48,text,true,,494,179,8,8,https://petstore.swagger.io/v2/pet/9223372036854775807,130,0,0
1746045643589,510,Post create Pet,200,OK,Pets 1-49,text,true,,491,411,9,9,https://petstore.swagger.io/v2/pet,510,0,383
1746045644010,129,Post create Pet,200,OK,Pets 1-46,text,true,,493,413,9,9,https://petstore.swagger.io/v2/pet,129,0,0
1746045644020,126,Get pet,200,OK,Pets 1-47,text,true,,492,179,9,9,https://petstore.swagger.io/v2/pet/9223372036854775807,126,0,0
1746045644040,126,Get pet,200,OK,Pets 1-44,text,true,,492,179,9,9,https://petstore.swagger.io/v2/pet/9223372036854775807,126,0,0
1746045644066,126,Post create Pet,200,OK,Pets 1-45,text,true,,493,413,8,8,https://petstore.swagger.io/v2/pet,126,0,0
1746045644072,131,Post create Pet,200,OK,Pets 1-48,text,true,,492,412,8,8,https://petstore.swagger.io/v2/pet,130,0,0
1746045644099,128,Get pet,200,OK,Pets 1-49,text,true,,492,179,8,8,https://petstore.swagger.io/v2/pet/9223372036854775807,128,0,0
1746045644139,129,Get pet,200,OK,Pets 1-46,text,true,,492,179,9,9,https://petstore.swagger.io/v2/pet/9223372036854775807,129,0,0
1746045643756,512,Post create Pet,200,OK,Pets 1-50,text,true,,491,411,9,9,https://petstore.swagger.io/v2/pet,512,0,385
1746045644147,127,Post create Pet,200,OK,Pets 1-47,text,true,,491,411,9,9,https://petstore.swagger.io/v2/pet,127,0,0
1746045644193,127,Get pet,200,OK,Pets 1-45,text,true,,491,179,9,9,https://petstore.swagger.io/v2/pet/9223372036854775807,127,0,0
1746045644203,129,Get pet,200,OK,Pets 1-48,text,true,,491,179,8,8,https://petstore.swagger.io/v2/pet/9223372036854775807,129,0,0
1746045644227,128,Post create Pet,200,OK,Pets 1-49,text,true,,492,412,8,8,https://petstore.swagger.io/v2/pet,128,0,0
1746045644269,128,Get pet,200,OK,Pets 1-50,text,true,,491,179,8,8,https://petstore.swagger.io/v2/pet/9223372036854775807,128,0,0
1746045644268,129,Post create Pet,200,OK,Pets 1-46,text,true,,494,414,8,8,https://petstore.swagger.io/v2/pet,129,0,0
1746045644274,127,Get pet,200,OK,Pets 1-47,text,true,,494,179,8,8,https://petstore.swagger.io/v2/pet/9223372036854775807,127,0,0
1746045643924,510,Post create Pet,200,OK,Pets 1-51,text,true,,491,411,9,9,https://petstore.swagger.io/v2/pet,510,0,382
1746045644332,130,Post create Pet,200,OK,Pets 1-48,text,true,,491,411,9,9,https://petstore.swagger.io/v2/pet,130,0,0
1746045644355,126,Get pet,200,OK,Pets 1-49,text,true,,491,179,9,9,https://petstore.swagger.io/v2/pet/9223372036854775807,126,0,0
1746045644397,129,Get pet,200,OK,Pets 1-46,text,true,,493,179,9,9,https://petstore.swagger.io/v2/pet/9223372036854775807,129,0,0
1746045644397,129,Post create Pet,200,OK,Pets 1-50,text,true,,493,413,9,9,https://petstore.swagger.io/v2/pet,129,0,0
1746045644401,129,Post create Pet,200,OK,Pets 1-47,text,true,,493,413,8,8,https://petstore.swagger.io/v2/pet,129,0,0
1746045644434,127,Get pet,200,OK,Pets 1-51,text,true,,493,179,8,8,https://petstore.swagger.io/v2/pet/9223372036854775807,127,0,0
1746045644462,129,Get pet,200,OK,Pets 1-48,text,true,,493,179,8,8,https://petstore.swagger.io/v2/pet/9223372036854775807,129,0,0
1746045644090,510,Post create Pet,200,OK,Pets 1-52,text,true,,493,413,9,9,https://petstore.swagger.io/v2/pet,510,0,384
1746045644481,134,Post create Pet,200,OK,Pets 1-49,text,true,,493,413,9,9,https://petstore.swagger.io/v2/pet,134,0,0
1746045644526,127,Get pet,200,OK,Pets 1-50,text,true,,493,179,9,9,https://petstore.swagger.io/v2/pet/9223372036854775807,127,0,0
1746045644530,126,Get pet,200,OK,Pets 1-47,text,true,,493,179,9,9,https://petstore.swagger.io/v2/pet/9223372036854775807,126,0,0
1746045644561,128,Post create Pet,200,OK,Pets 1-51,text,true,,491,411,8,8,https://petstore.swagger.io/v2/pet,128,0,0
1746045644592,129,Post create Pet,200,OK,Pets 1-48,text,true,,492,412,8,8,https://petstore.swagger.io/v2/pet,129,0,0
1746045644601,129,Get pet,200,OK,Pets 1-52,text,true,,491,179,8,8,https://petstore.swagger.io/v2/pet/9223372036854775807,129,0,0
1746045644615,126,Get pet,200,OK,Pets 1-49,text,true,,492,179,8,8,https://petstore.swagger.io/v2/pet/9223372036854775807,126,0,0
1746045644259,508,Post create Pet,200,OK,Pets 1-53,text,true,,492,412,8,8,https://petstore.swagger.io/v2/pet,508,0,380
1746045644654,127,Post create Pet,200,OK,Pets 1-50,text,true,,494,414,9,9,https://petstore.swagger.io/v2/pet,127,0,0
1746045644689,126,Get pet,200,OK,Pets 1-51,text,true,,492,179,9,9,https://petstore.swagger.io/v2/pet/9223372036854775807,126,0,0
1746045644721,129,Get pet,200,OK,Pets 1-48,text,true,,492,179,9,9,https://petstore.swagger.io/v2/pet/9223372036854775807,129,0,0
1746045644730,127,Post create Pet,200,OK,Pets 1-52,text,true,,491,411,8,8,https://petstore.swagger.io/v2/pet,127,0,0
1746045644742,127,Post create Pet,200,OK,Pets 1-49,text,true,,493,413,8,8,https://petstore.swagger.io/v2/pet,127,0,0
1746045644767,126,Get pet,200,OK,Pets 1-53,text,true,,491,179,8,8,https://petstore.swagger.io/v2/pet/9223372036854775807,126,0,0
1746045644781,128,Get pet,200,OK,Pets 1-50,text,true,,493,179,8,8,https://petstore.swagger.io/v2/pet/9223372036854775807,128,0,0
1746045644430,510,Post create Pet,200,OK,Pets 1-54,text,true,,492,412,9,9,https://petstore.swagger.io/v2/pet,510,0,383
1746045644816,129,Post create Pet,200,OK,Pets 1-51,text,true,,492,412,9,9,https://petstore.swagger.io/v2/pet,129,0,0
1746045644858,127,Get pet,200,OK,Pets 1-52,text,true,,492,179,9,9,https://petstore.swagger.io/v2/pet/9223372036854775807,127,0,0
1746045644869,125,Get pet,200,OK,Pets 1-49,text,true,,492,179,9,9,https://petstore.swagger.io/v2/pet/9223372036854775807,125,0,0
1746045644893,128,Post create Pet,200,OK,Pets 1-53,text,true,,493,413,8,8,https://petstore.swagger.io/v2/pet,128,0,0
1746045644909,128,Post create Pet,200,OK,Pets 1-50,text,true,,491,411,8,8,https://petstore.swagger.io/v2/pet,128,0,0
1746045644940,128,Get pet,200,OK,Pets 1-54,text,true,,493,179,8,8,https://petstore.swagger.io/v2/pet/9223372036854775807,128,0,0
1746045644946,127,Get pet,200,OK,Pets 1-51,text,true,,493,179,8,8,https://petstore.swagger.io/v2/pet/9223372036854775807,127,0,0
1746045644599,507,Post create Pet,200,OK,Pets 1-55,text,true,,492,412,8,8,https://petstore.swagger.io/v2/pet,507,0,380
1746045644985,127,Post create Pet,200,OK,Pets 1-52,text,true,,492,412,9,9,https://petstore.swagger.io/v2/pet,127,0,0
1746045645021,126,Get pet,200,OK,Pets 1-53,text,true,,492,179,9,9,https://petstore.swagger.io/v2/pet/9223372036854775807,126,0,0
1746045645038,126,Get pet,200,OK,Pets 1-50,text,true,,492,179,9,9,https://petstore.swagger.io/v2/pet/9223372036854775807,126,0,0
1746045645069,129,Post create Pet,200,OK,Pets 1-54,text,true,,494,414,8,8,https://petstore.swagger.io/v2/pet,128,0,0
1746045645073,128,Post create Pet,200,OK,Pets 1-51,text,true,,491,411,8,8,https://petstore.swagger.io/v2/pet,127,0,0
1746045645106,136,Get pet,200,OK,Pets 1-55,text,true,,492,179,8,8,https://petstore.swagger.io/v2/pet/9223372036854775807,136,0,0
1746045645113,129,Get pet,200,OK,Pets 1-52,text,true,,491,179,8,8,https://petstore.swagger.io/v2/pet/9223372036854775807,129,0,0
1746045645147,128,Post create Pet,200,OK,Pets 1-53,text,true,,493,413,9,9,https://petstore.swagger.io/v2/pet,128,0,0
1746045644771,510,Post create Pet,200,OK,Pets 1-56,text,true,,493,413,9,9,https://petstore.swagger.io/v2/pet,510,0,383
1746045645198,127,Get pet,200,OK,Pets 1-54,text,true,,491,179,9,9,https://petstore.swagger.io/v2/pet/9223372036854775807,127,0,0
1746045645201,125,Get pet,200,OK,Pets 1-51,text,true,,491,179,9,9,https://petstore.swagger.io/v2/pet/9223372036854775807,125,0,0
1746045645243,128,Post create Pet,200,OK,Pets 1-55,text,true,,493,413,8,8,https://petstore.swagger.io/v2/pet,128,0,0
1746045645243,128,Post create Pet,200,OK,Pets 1-52,text,true,,492,412,8,8,https://petstore.swagger.io/v2/pet,128,0,0
1746045645275,130,Get pet,200,OK,Pets 1-53,text,true,,490,179,8,8,https://petstore.swagger.io/v2/pet/9223372036854775807,130,0,0
1746045645282,128,Get pet,200,OK,Pets 1-56,text,true,,490,179,8,8,https://petstore.swagger.io/v2/pet/9223372036854775807,128,0,0
1746045644939,507,Post create Pet,200,OK,Pets 1-57,text,true,,492,412,9,9,https://petstore.swagger.io/v2/pet,506,0,380
1746045645325,128,Post create Pet,200,OK,Pets 1-54,text,true,,492,412,9,9,https://petstore.swagger.io/v2/pet,128,0,0
1746045645371,127,Get pet,200,OK,Pets 1-55,text,true,,492,179,9,9,https://petstore.swagger.io/v2/pet/9223372036854775807,127,0,0
1746045645371,128,Get pet,200,OK,Pets 1-52,text,true,,492,179,9,9,https://petstore.swagger.io/v2/pet/9223372036854775807,127,0,0
1746045645405,129,Post create Pet,200,OK,Pets 1-53,text,true,,492,412,8,8,https://petstore.swagger.io/v2/pet,129,0,0
1746045645410,134,Post create Pet,200,OK,Pets 1-56,text,true,,494,414,8,8,https://petstore.swagger.io/v2/pet,134,0,0
1746045645446,125,Get pet,200,OK,Pets 1-57,text,true,,492,179,8,8,https://petstore.swagger.io/v2/pet/9223372036854775807,125,0,0
1746045645454,127,Get pet,200,OK,Pets 1-54,text,true,,492,179,8,8,https://petstore.swagger.io/v2/pet/9223372036854775807,127,0,0
1746045645499,126,Post create Pet,200,OK,Pets 1-55,text,true,,493,413,8,8,https://petstore.swagger.io/v2/pet,126,0,0
1746045645107,522,Post create Pet,200,OK,Pets 1-58,text,true,,493,413,8,8,https://petstore.swagger.io/v2/pet,522,0,394
1746045645534,127,Get pet,200,OK,Pets 1-53,text,true,,493,179,8,8,https://petstore.swagger.io/v2/pet/9223372036854775807,127,0,0
1746045645545,127,Get pet,200,OK,Pets 1-56,text,true,,493,179,7,7,https://petstore.swagger.io/v2/pet/9223372036854775807,126,0,0
1746045645572,128,Post create Pet,200,OK,Pets 1-57,text,true,,493,413,7,7,https://petstore.swagger.io/v2/pet,128,0,0
1746045645582,128,Post create Pet,200,OK,Pets 1-54,text,true,,492,412,7,7,https://petstore.swagger.io/v2/pet,128,0,0
1746045645626,126,Get pet,200,OK,Pets 1-55,text,true,,492,179,7,7,https://petstore.swagger.io/v2/pet/9223372036854775807,126,0,0
1746045645629,129,Get pet,200,OK,Pets 1-58,text,true,,493,179,7,7,https://petstore.swagger.io/v2/pet/9223372036854775807,129,0,0
1746045645274,511,Post create Pet,200,OK,Pets 1-59,text,true,,491,411,7,7,https://petstore.swagger.io/v2/pet,511,0,384
1746045645672,127,Post create Pet,200,OK,Pets 1-56,text,true,,493,413,7,7,https://petstore.swagger.io/v2/pet,127,0,0
1746045645700,127,Get pet,200,OK,Pets 1-57,text,true,,491,179,7,7,https://petstore.swagger.io/v2/pet/9223372036854775807,127,0,0
1746045645710,127,Get pet,200,OK,Pets 1-54,text,true,,491,179,7,7,https://petstore.swagger.io/v2/pet/9223372036854775807,127,0,0
1746045645751,127,Post create Pet,200,OK,Pets 1-55,text,true,,491,411,6,6,https://petstore.swagger.io/v2/pet,127,0,0
1746045645757,130,Post create Pet,200,OK,Pets 1-58,text,true,,492,412,6,6,https://petstore.swagger.io/v2/pet,130,0,0
1746045645785,126,Get pet,200,OK,Pets 1-59,text,true,,492,179,6,6,https://petstore.swagger.io/v2/pet/9223372036854775807,126,0,0
1746045645799,127,Get pet,200,OK,Pets 1-56,text,true,,491,179,6,6,https://petstore.swagger.io/v2/pet/9223372036854775807,127,0,0
1746045645827,129,Post create Pet,200,OK,Pets 1-57,text,true,,492,412,6,6,https://petstore.swagger.io/v2/pet,129,0,0
1746045645441,516,Post create Pet,200,OK,Pets 1-60,text,true,,491,411,6,6,https://petstore.swagger.io/v2/pet,516,0,387
1746045645878,127,Get pet,200,OK,Pets 1-55,text,true,,492,179,6,6,https://petstore.swagger.io/v2/pet/9223372036854775807,127,0,0
1746045645887,129,Get pet,200,OK,Pets 1-58,text,true,,491,179,5,5,https://petstore.swagger.io/v2/pet/9223372036854775807,129,0,0
1746045645912,127,Post create Pet,200,OK,Pets 1-59,text,true,,494,414,5,5,https://petstore.swagger.io/v2/pet,127,0,0
1746045645926,127,Post create Pet,200,OK,Pets 1-56,text,true,,491,411,5,5,https://petstore.swagger.io/v2/pet,127,0,0
1746045645956,126,Get pet,200,OK,Pets 1-57,text,true,,491,179,5,5,https://petstore.swagger.io/v2/pet/9223372036854775807,126,0,0
1746045645956,129,Get pet,200,OK,Pets 1-60,text,true,,491,179,5,5,https://petstore.swagger.io/v2/pet/9223372036854775807,129,0,0
1746045646016,129,Post create Pet,200,OK,Pets 1-58,text,true,,493,413,5,5,https://petstore.swagger.io/v2/pet,129,0,0
1746045646040,127,Get pet,200,OK,Pets 1-59,text,true,,491,179,5,5,https://petstore.swagger.io/v2/pet/9223372036854775807,127,0,0
1746045646053,127,Get pet,200,OK,Pets 1-56,text,true,,493,179,5,5,https://petstore.swagger.io/v2/pet/9223372036854775807,127,0,0
1746045646083,127,Post create Pet,200,OK,Pets 1-57,text,true,,493,413,4,4,https://petstore.swagger.io/v2/pet,127,0,0
1746045646085,130,Post create Pet,200,OK,Pets 1-60,text,true,,492,412,4,4,https://petstore.swagger.io/v2/pet,130,0,0
1746045646146,129,Get pet,200,OK,Pets 1-58,text,true,,492,179,4,4,https://petstore.swagger.io/v2/pet/9223372036854775807,129,0,0
1746045646167,128,Post create Pet,200,OK,Pets 1-59,text,true,,493,413,4,4,https://petstore.swagger.io/v2/pet,128,0,0
1746045646210,129,Get pet,200,OK,Pets 1-57,text,true,,493,179,4,4,https://petstore.swagger.io/v2/pet/9223372036854775807,129,0,0
1746045646215,129,Get pet,200,OK,Pets 1-60,text,true,,493,179,3,3,https://petstore.swagger.io/v2/pet/9223372036854775807,129,0,0
1746045646275,129,Post create Pet,200,OK,Pets 1-58,text,true,,491,411,3,3,https://petstore.swagger.io/v2/pet,129,0,0
1746045646295,126,Get pet,200,OK,Pets 1-59,text,true,,491,179,3,3,https://petstore.swagger.io/v2/pet/9223372036854775807,126,0,0
1746045646345,128,Post create Pet,200,OK,Pets 1-60,text,true,,492,412,3,3,https://petstore.swagger.io/v2/pet,128,0,0
1746045646405,128,Get pet,200,OK,Pets 1-58,text,true,,492,179,3,3,https://petstore.swagger.io/v2/pet/9223372036854775807,128,0,0
1746045646422,128,Post create Pet,200,OK,Pets 1-59,text,true,,492,412,2,2,https://petstore.swagger.io/v2/pet,128,0,0
1746045646473,129,Get pet,200,OK,Pets 1-60,text,true,,492,179,2,2,https://petstore.swagger.io/v2/pet/9223372036854775807,128,0,0
1746045646550,126,Get pet,200,OK,Pets 1-59,text,true,,490,179,2,2,https://petstore.swagger.io/v2/pet/9223372036854775807,126,0,0
1746045646602,128,Post create Pet,200,OK,Pets 1-60,text,true,,494,414,1,1,https://petstore.swagger.io/v2/pet,127,0,0
1746045646730,128,Get pet,200,OK,Pets 1-60,text,true,,492,179,1,1,https://petstore.swagger.io/v2/pet/9223372036854775807,128,0,0
